CustomerID,CustomerName,Region,SignupDate
C0001,Lawrence Carroll,South America,7/10/22
C0002,Elizabeth Lutz,Asia,2/13/22
C0003,Michael Rivera,South America,3/7/24
C0004,Kathleen Rodriguez,South America,10/9/22
C0005,Laura Weber,Asia,8/15/22
C0006,Brittany Palmer,South America,1/7/24
C0007,Paul Graves,Asia,6/18/22
C0008,David Li,North America,1/13/24
C0009,Joy Clark,Europe,8/14/23
C0010,Aaron Cox,Europe,12/15/22
C0011,Bryan Mathews,South America,12/12/22
C0012,Kevin May,South America,8/7/24
C0013,Lauren Buchanan,South America,5/19/24
C0014,Deborah Wilcox,Europe,6/22/24
C0015,Tina Duran,North America,11/20/23
C0016,Emily Woods,North America,1/3/24
C0017,Jennifer King,Europe,12/5/23
C0018,Tyler Haynes,North America,9/21/24
C0019,Brandon Rodriguez,Europe,1/12/23
C0020,Mr. Manuel Conway,North America,6/11/24
C0021,Robert Blanchard,Asia,4/17/23
C0022,Teresa Esparza,Asia,10/27/23
C0023,Nicholas Cain,Europe,3/4/22
C0024,Michele Cooley,North America,2/5/24
C0025,Gregory Odom,South America,7/4/22
C0026,Sara Miller,North America,5/3/24
C0027,Justin Heath,Asia,11/9/22
C0028,Jennifer Pena,Asia,6/29/24
C0029,Erin Manning,North America,4/16/22
C0030,Mark Brock,North America,1/30/24
C0031,Tina Miller,South America,4/11/24
C0032,Dustin Campbell,South America,4/17/24
C0033,Tyler Holt,North America,8/4/24
C0034,Dalton Perez,North America,9/27/23
C0035,Brianna Richardson,North America,10/1/24
C0036,Brian Aguilar DDS,North America,7/6/24
C0037,Linda Smith,Europe,2/4/23
C0038,Jeffrey Perkins,North America,4/16/22
C0039,Angela Harris,South America,10/13/24
C0040,Michael Harrell,Asia,3/7/22
C0041,Lindsey Deleon,Europe,12/27/23
C0042,Heather Riley,North America,3/15/23
C0043,Sandy Short MD,Asia,2/5/23
C0044,Kenneth Alexander,Europe,7/10/24
C0045,Michael Williams,Asia,2/25/22
C0046,Beth Cardenas,North America,10/23/24
C0047,Samantha Frank,North America,3/22/24
C0048,Matthew Park,South America,11/7/24
C0049,Jason Yates,North America,9/18/24
C0050,Ryan Davis,North America,3/2/24
C0051,Nicholas Ellis,Europe,12/21/23
C0052,Stanley Aguirre,South America,2/20/24
C0053,Albert Burke,Europe,6/18/22
C0054,Bruce Rhodes,Asia,9/29/24
C0055,Lauren Williams,North America,11/11/24
C0056,Erika Fernandez,Asia,4/12/24
C0057,Elizabeth Nguyen,Europe,7/27/24
C0058,Zachary Turner,North America,1/28/24
C0059,Mrs. Kimberly Wright,North America,4/7/24
C0060,James Murphy,Europe,4/22/22
C0061,Brandon Escobar,Europe,3/6/23
C0062,Jeffery Hartman,Europe,12/14/22
C0063,Wayne Ferguson,Europe,2/5/24
C0064,Martha Montgomery,Europe,10/22/23
C0065,Gerald Hines,North America,7/10/24
C0066,Catherine White,Europe,11/15/24
C0067,Carl Gonzalez,North America,7/6/23
C0068,Mark Cox,North America,4/4/23
C0069,Stacy Foster,Europe,12/3/23
C0070,Timothy Perez,Europe,3/15/22
C0071,Taylor Murphy,South America,7/1/22
C0072,Sarah Scott,North America,7/24/24
C0073,Heidi Johnson,Europe,8/20/22
C0074,Jonathan Russo,Europe,5/27/22
C0075,Misty Higgins,Europe,5/1/23
C0076,Emily Roberts,South America,2/11/24
C0077,Scott Sims,South America,10/18/23
C0078,Julia Palmer,Asia,11/13/24
C0079,Brian Murillo,North America,2/2/22
C0080,David Gonzalez,Asia,2/7/24
C0081,Kimberly Turner,Europe,2/24/24
C0082,Aimee Taylor,South America,5/13/22
C0083,Christina Stark,South America,4/7/22
C0084,Belinda Garner,Asia,9/17/24
C0085,Richard Brown,South America,9/22/24
C0086,Stephanie Peterson,Europe,9/18/22
C0087,Travis Campbell,South America,4/11/24
C0088,Carlos Murray,Asia,5/14/23
C0089,Paul Carter,Europe,4/2/24
C0090,Charles Hamilton,Asia,10/17/23
C0091,Lisa Kirk,South America,3/16/23
C0092,Jacqueline Zamora,Asia,5/29/24
C0093,Nancy Walker,Asia,7/13/24
C0094,Emily Trevino,North America,9/16/23
C0095,William Walker,South America,3/4/23
C0096,Benjamin Mcclure,South America,11/18/22
C0097,Tina Ford,Asia,12/18/23
C0098,Laura Gilbert,North America,10/21/24
C0099,Rodney Eaton,South America,1/29/23
C0100,Clinton Gomez,Europe,3/16/23
C0101,Kelsey Roberts,Asia,9/30/23
C0102,Michael Atkinson,South America,9/16/22
C0103,Jennifer Munoz,Europe,5/15/22
C0104,Laura Bennett,South America,2/10/22
C0105,Ryan Hampton,Europe,11/11/24
C0106,Amanda Mcguire,Asia,9/22/22
C0107,Dana Cantrell,South America,2/7/23
C0108,David Davis,South America,9/28/22
C0109,Abigail Jones,North America,5/9/22
C0110,Elizabeth Wells,Asia,9/21/24
C0111,Roger David,Europe,11/13/24
C0112,Brian Adkins,South America,7/7/22
C0113,Joseph Ortiz Jr.,South America,6/17/22
C0114,Benjamin Anderson,Europe,11/18/24
C0115,Joshua Hamilton,Asia,11/11/24
C0116,James Martinez,North America,9/11/24
C0117,Jeffrey Mcmahon,North America,11/22/24
C0118,Jacob Holt,South America,1/22/22
C0119,David Armstrong,Europe,11/13/23
C0120,Francisco Diaz,South America,1/13/23
C0121,Mark Atkinson,Europe,7/23/23
C0122,Corey Ruiz,North America,5/6/22
C0123,Jason Johnston,Asia,11/5/23
C0124,Lindsay Perez,Europe,8/26/24
C0125,Nicholas Taylor,North America,12/18/22
C0126,Caitlin Brown,South America,2/20/24
C0127,Kathryn Stevens,Europe,4/4/24
C0128,Henry Leach,Asia,5/29/23
C0129,Marcus Livingston,South America,4/14/24
C0130,Robert Jones,South America,4/19/23
C0131,Scott Wilson,North America,6/5/22
C0132,Lisa Jackson,Europe,2/1/23
C0133,Gwendolyn Carter,South America,3/11/23
C0134,Theresa Gonzalez,Asia,2/19/22
C0135,Toni Weaver,Europe,8/23/22
C0136,Kristen Holder,Asia,3/14/24
C0137,Robert Gardner,South America,4/9/24
C0138,Cynthia Clayton,Asia,11/1/24
C0139,Ricky Gutierrez,North America,3/14/22
C0140,Gregory Estrada,Asia,7/1/23
C0141,Paul Parsons,Europe,2/23/23
C0142,Nicole Long DVM,Asia,2/8/24
C0143,Brian Parker,Asia,5/27/24
C0144,Andrea Hart,North America,9/30/24
C0145,Wayne Stone,Asia,1/13/23
C0146,Brittany Harvey,Asia,9/4/24
C0147,Hunter Fuller,South America,5/16/22
C0148,Matthew Rogers,South America,4/16/23
C0149,Tina Wilson,Europe,1/21/23
C0150,Angela Williams,South America,9/13/22
C0151,Amber Gonzalez,South America,11/22/24
C0152,Justin Evans,South America,4/19/22
C0153,Justin Smith,South America,3/20/22
C0154,Robert Sharp,North America,10/27/24
C0155,Michelle Brown,South America,3/23/23
C0156,William Adams,North America,8/19/23
C0157,Miguel Wong,North America,1/30/24
C0158,Wendy Browning,South America,4/12/23
C0159,Austin Miller,Asia,8/6/22
C0160,Jodi Cook,North America,4/5/22
C0161,Jessica Warren,Asia,3/14/22
C0162,Edwin Watson,Asia,3/29/22
C0163,Tiffany Cain,South America,6/8/23
C0164,Morgan Perez,Europe,6/1/23
C0165,Juan Mcdaniel,South America,4/9/22
C0166,John Rogers,Europe,2/13/22
C0167,Brandy Welch,Europe,1/27/24
C0168,Karen Clements MD,South America,12/13/22
C0169,Jennifer Shaw,South America,4/13/23
C0170,Logan Harris,Europe,9/13/23
C0171,Michael Cowan,South America,12/16/22
C0172,Jamie Webb,Europe,9/9/24
C0173,Francisco Young,Asia,10/6/22
C0174,Tracy Steele,South America,11/3/22
C0175,Matthew Johnson,Asia,4/16/22
C0176,Nicole Booth,North America,3/23/22
C0177,Julia Kelly,Asia,6/1/24
C0178,Carol Williams,Asia,11/19/23
C0179,Donald Miller,Europe,10/16/22
C0180,Amy Carpenter,Asia,10/25/23
C0181,Alexander Barker,South America,11/16/23
C0182,Joshua Preston,Europe,12/28/24
C0183,Kimberly Johnson,North America,1/23/24
C0184,Tina Jacobs,South America,5/13/22
C0185,Kathleen Logan,North America,10/17/23
C0186,Amber Alexander,Asia,10/11/23
C0187,Kayla Kelly,South America,8/2/24
C0188,Anna Ball,South America,5/17/22
C0189,Sherri Dixon,North America,1/22/24
C0190,Alexander Lowe,South America,5/31/24
C0191,Samantha Gibson DVM,South America,4/7/24
C0192,Sarah Arias,South America,9/15/22
C0193,Douglas Torres,Asia,2/3/23
C0194,Stacy Cook,North America,5/4/24
C0195,Jeremy Mclaughlin,South America,9/17/24
C0196,Laura Watts,Europe,6/7/22
C0197,Christina Harvey,Europe,3/21/23
C0198,Rebecca Ray,Europe,2/27/22
C0199,Andrea Jenkins,Europe,12/3/22
C0200,Kelly Cross,Asia,6/11/23
CNEW0001,NonBuyer_1,North America,2/23/23
CNEW0002,NonBuyer_2,Europe,11/23/23
CNEW0003,NonBuyer_3,Europe,6/22/23
CNEW0004,NonBuyer_4,South America,11/28/23
CNEW0005,NonBuyer_5,North America,10/2/23
CNEW0006,NonBuyer_6,Europe,12/23/23
CNEW0007,NonBuyer_7,North America,12/4/23
CNEW0008,NonBuyer_8,Europe,9/30/23
CNEW0009,NonBuyer_9,Europe,7/28/23
CNEW0010,NonBuyer_10,Asia,5/22/23
CNEW0011,NonBuyer_11,South America,9/9/23
CNEW0012,NonBuyer_12,South America,3/24/23
CNEW0013,NonBuyer_13,South America,8/5/23
CNEW0014,NonBuyer_14,Europe,11/21/23
CNEW0015,NonBuyer_15,North America,9/1/23
CNEW0016,NonBuyer_16,South America,12/1/23
CNEW0017,NonBuyer_17,Europe,9/13/23
CNEW0018,NonBuyer_18,North America,10/29/23
CNEW0019,NonBuyer_19,Europe,11/6/23
CNEW0020,NonBuyer_20,Asia,2/28/23
CNEW0021,NonBuyer_21,Europe,8/26/23
CNEW0022,NonBuyer_22,North America,5/6/23
CNEW0023,NonBuyer_23,Europe,7/25/23
CNEW0024,NonBuyer_24,South America,3/10/23
CNEW0025,NonBuyer_25,North America,5/16/23
CNEW0026,NonBuyer_26,South America,5/7/23
CNEW0027,NonBuyer_27,South America,7/16/23
CNEW0028,NonBuyer_28,Asia,10/14/23
CNEW0029,NonBuyer_29,Europe,1/30/23
CNEW0030,NonBuyer_30,North America,12/15/23
CNEW0031,NonBuyer_31,Europe,5/12/23
CNEW0032,NonBuyer_32,Asia,10/22/23
CNEW0033,NonBuyer_33,North America,6/24/23
CNEW0034,NonBuyer_34,South America,12/5/23
CNEW0035,NonBuyer_35,South America,2/4/23
CNEW0036,NonBuyer_36,Europe,6/25/23
CNEW0037,NonBuyer_37,South America,8/13/23
CNEW0038,NonBuyer_38,Europe,11/26/23
CNEW0039,NonBuyer_39,South America,1/23/23
CNEW0040,NonBuyer_40,Europe,4/23/23
CNEW0041,NonBuyer_41,Asia,2/10/23
CNEW0042,NonBuyer_42,Europe,4/21/23
CNEW0043,NonBuyer_43,Asia,1/7/23
CNEW0044,NonBuyer_44,South America,6/2/23
CNEW0045,NonBuyer_45,Europe,1/12/23
CNEW0046,NonBuyer_46,Europe,3/19/23
CNEW0047,NonBuyer_47,Asia,10/22/23
CNEW0048,NonBuyer_48,North America,3/2/23
CNEW0049,NonBuyer_49,North America,3/10/23
CNEW0050,NonBuyer_50,South America,10/29/23
CFAKE0001,Mark Curtis,North America,12/15/23
CFAKE0002,Erika Long,North America,4/17/23
CFAKE0003,Brandy Houston,Europe,7/8/23
CFAKE0004,Christine Cunningham,South America,4/13/23
CFAKE0005,Bonnie Sullivan,Asia,8/3/23
CFAKE0006,Joshua Malone,North America,3/29/23
CFAKE0007,John Powell,South America,4/10/23
CFAKE0008,Joseph Mathis,Europe,6/1/23
CFAKE0009,Brandon Jacobs,North America,5/30/23
CFAKE0010,Daniel Perez,South America,9/15/23
CFAKE0011,James Turner,Europe,10/21/23
CFAKE0012,Mrs. Sonya Richards,Asia,7/11/23
CFAKE0013,Tamara Walker,Europe,10/4/23
CFAKE0014,Erin Harris,South America,11/10/23
CFAKE0015,Jimmy Massey,Asia,9/10/23
CFAKE0016,Larry Davis,Europe,12/11/23
CFAKE0017,Jennifer Johnson,South America,2/28/23
CFAKE0018,Cheyenne Marks,North America,6/19/23
CFAKE0019,Jennifer Mclaughlin,Europe,7/7/23
CFAKE0020,Leslie Williams,Europe,9/28/23
CFAKE0021,Corey Walker,Asia,6/24/23
CFAKE0022,Michael Wagner,Asia,2/20/23
CFAKE0023,Jonathan Sosa,Europe,2/24/23
CFAKE0024,Jacob Graham,Europe,11/16/23
CFAKE0025,Timothy Miller,South America,5/11/23
CFAKE0026,Cheryl Castro,South America,11/3/23
CFAKE0027,Stephen Park,North America,1/21/23
CFAKE0028,Allison Simpson,South America,6/16/23
CFAKE0029,Richard Chapman,Asia,3/30/23
CFAKE0030,Michelle Reed MD,Europe,1/14/23
CFAKE0031,Jacob Hawkins,Asia,9/22/23
CFAKE0032,Christopher Howard,Asia,2/22/23
CFAKE0033,Jose Miller,Asia,12/6/23
CFAKE0034,Robert Walker,Europe,9/21/23
CFAKE0035,Joseph Roberts MD,North America,2/4/23
CFAKE0036,Darryl Jacobson,Asia,3/22/23
CFAKE0037,Mary Perez,Europe,2/19/23
CFAKE0038,Michael Baker,Europe,1/2/23
CFAKE0039,Samantha Williams,Asia,2/23/23
CFAKE0040,Kathleen Walsh,Asia,9/17/23
CFAKE0041,Edward Roth,Asia,7/10/23
CFAKE0042,Kristin Hayden,Asia,8/6/23
CFAKE0043,Benjamin Reeves,Europe,6/11/23
CFAKE0044,Andrew Hendricks,Asia,9/27/23
CFAKE0045,Gregory Chambers,North America,10/31/23
CFAKE0046,Jeremy Garcia,North America,8/3/23
CFAKE0047,Alexander Hale,Europe,7/9/23
CFAKE0048,Gina Torres,Europe,8/1/23
CFAKE0049,Mark James,Europe,8/25/23
CFAKE0050,George Reed,Asia,2/22/23
CFAKE0051,Mary Smith,Europe,8/5/23
CFAKE0052,Courtney Smith,Europe,7/7/23
CFAKE0053,Jeffery Perkins,Europe,2/10/23
CFAKE0054,Kenneth Hernandez,South America,1/15/23
CFAKE0055,Janice Black,South America,3/6/23
CFAKE0056,Thomas Smith,South America,11/23/23
CFAKE0057,Sean Rivera,South America,12/10/23
CFAKE0058,Ashley Howell,South America,5/16/23
CFAKE0059,Alison Watson,Europe,3/4/23
CFAKE0060,Karen Sanders,North America,3/22/23
CFAKE0061,Lauren Franklin,Europe,6/12/23
CFAKE0062,Sabrina English,North America,10/16/23
CFAKE0063,Jonathan Perez,North America,9/18/23
CFAKE0064,Antonio Cole,Asia,8/19/23
CFAKE0065,Kathryn Hensley,Asia,2/10/23
CFAKE0066,Todd Mckee,Europe,5/15/23
CFAKE0067,Jasmine Haynes,South America,11/24/23
CFAKE0068,Dawn Freeman,Europe,2/2/23
CFAKE0069,Mario Oconnor,Europe,3/3/23
CFAKE0070,Christopher Smith,Europe,10/20/23
CFAKE0071,Nancy Davis,North America,6/21/23
CFAKE0072,Wayne Richardson,Europe,8/2/23
CFAKE0073,Julie Hernandez,North America,2/4/23
CFAKE0074,Amber Golden,South America,8/15/23
CFAKE0075,Justin Woods,South America,5/11/23
CFAKE0076,Casey Barker,South America,1/5/23
CFAKE0077,Dr. Samantha Hughes DDS,Asia,9/12/23
CFAKE0078,Kaitlyn Flores,Asia,12/25/23
CFAKE0079,Ryan Choi,North America,7/26/23
CFAKE0080,Kelly Gibson,North America,12/12/23
CFAKE0081,Kurt Austin,Asia,6/28/23
CFAKE0082,Kathryn Cortez,North America,12/18/23
CFAKE0083,Timothy Pace,North America,8/29/23
CFAKE0084,Sarah Khan,Europe,4/6/23
CFAKE0085,Jessica Mccullough,Europe,8/10/23
CFAKE0086,Zachary Stephenson,South America,8/19/23
CFAKE0087,Elizabeth Gardner,South America,5/23/23
CFAKE0088,Kenneth Anthony,North America,1/29/23
CFAKE0089,Isaac Mckinney,Europe,1/13/23
CFAKE0090,Jamie Carlson,Europe,11/23/23
CFAKE0091,Stephanie Miranda,North America,8/31/23
CFAKE0092,Mr. Ethan Spears DVM,Asia,10/11/23
CFAKE0093,Felicia Warren,Asia,6/19/23
CFAKE0094,John Ware,South America,3/3/23
CFAKE0095,Brandon Flores,South America,5/14/23
CFAKE0096,Beth Edwards,Europe,1/28/23
CFAKE0097,Jason Willis,Europe,2/13/23
CFAKE0098,Michael Williams,Europe,10/13/23
CFAKE0099,Joseph Johnson,Asia,11/27/23
CFAKE0100,Emily Chandler,Europe,12/14/23
CFAKE0101,Stacy Garcia,South America,8/19/23
CFAKE0102,Angela Davis,Asia,8/13/23
CFAKE0103,Jessica Soto,South America,10/10/23
CFAKE0104,Darren Morrow,Asia,5/1/23
CFAKE0105,Kristy Martinez,Europe,8/21/23
CFAKE0106,Casey Stokes,North America,12/25/23
CFAKE0107,Teresa Green,Asia,5/17/23
CFAKE0108,Sarah Manning,Asia,6/14/23
CFAKE0109,Stephen Skinner,South America,11/3/23
CFAKE0110,Reginald Watson,Asia,6/21/23
CFAKE0111,Kaitlyn Reese,Europe,11/11/23
CFAKE0112,Victor Joyce,Asia,6/9/23
CFAKE0113,Latasha Meyers,Europe,8/21/23
CFAKE0114,Alicia Cook MD,Europe,4/23/23
CFAKE0115,Lucas Martin,Asia,2/21/23
CFAKE0116,Brian Smith,Europe,10/22/23
CFAKE0117,David Espinoza,Asia,4/23/23
CFAKE0118,Breanna Morris,South America,4/23/23
CFAKE0119,Louis Shaffer,Europe,3/22/23
CFAKE0120,Michael Hill,North America,4/23/23
CFAKE0121,Paula Sanchez,Asia,5/10/23
CFAKE0122,Kathy Gonzalez,Europe,2/23/23
CFAKE0123,Elizabeth Santiago,North America,8/12/23
CFAKE0124,Stephanie Campbell,South America,5/6/23
CFAKE0125,Michael Torres,Asia,2/22/23
CFAKE0126,Jesse Hughes,Europe,8/6/23
CFAKE0127,Doris Hoffman,Europe,7/17/23
CFAKE0128,Anthony Lewis,Europe,9/4/23
CFAKE0129,Mary Williams,Europe,7/22/23
CFAKE0130,Todd Johnson,Europe,5/3/23
CFAKE0131,Tiffany Barton,South America,9/12/23
CFAKE0132,Bryan Moore,Asia,10/7/23
CFAKE0133,Johnny Paul,South America,4/8/23
CFAKE0134,Michelle Stewart,Asia,8/28/23
CFAKE0135,Henry Gonzalez,Europe,4/7/23
CFAKE0136,Lauren Wiley MD,South America,5/4/23
CFAKE0137,Brandon Woods,North America,11/22/23
CFAKE0138,David Walker,Europe,12/15/23
CFAKE0139,Brenda Moreno,North America,5/28/23
CFAKE0140,Dr. Rebecca Williams,Europe,12/12/23
CFAKE0141,Kimberly Jacobson,North America,5/27/23
CFAKE0142,Steven Reed DVM,Europe,12/18/23
CFAKE0143,Lisa Medina,North America,11/4/23
CFAKE0144,Nicole Williams,South America,5/8/23
CFAKE0145,Damon Acosta,North America,12/4/23
CFAKE0146,Melissa Little,Europe,5/9/23
CFAKE0147,Kathy Kemp,North America,5/31/23
CFAKE0148,Samantha Davis,North America,10/25/23
CFAKE0149,Mr. Lawrence Torres DVM,North America,9/20/23
CFAKE0150,Jamie Smith,Europe,5/24/23
CFAKE0151,Pamela Baker,Asia,4/22/23
CFAKE0152,Jason Ellison,South America,3/1/23
CFAKE0153,Scott White,South America,1/2/23
CFAKE0154,Justin Mitchell,South America,10/31/23
CFAKE0155,Kristen Jensen,Asia,5/20/23
CFAKE0156,Mario Morgan,South America,2/6/23
CFAKE0157,Christina Johnson,Europe,1/9/23
CFAKE0158,Cynthia Wilson,South America,4/9/23
CFAKE0159,Sarah Fuentes,North America,10/31/23
CFAKE0160,Eric Thomas,Europe,5/11/23
CFAKE0161,Patrick Cochran,Europe,6/1/23
CFAKE0162,John Johnson,Asia,4/30/23
CFAKE0163,Dana Lee,South America,4/26/23
CFAKE0164,Karla Sherman,North America,4/23/23
CFAKE0165,Jerry Jones,Europe,4/14/23
CFAKE0166,Kathleen Barnes,Europe,9/11/23
CFAKE0167,Brianna Lara,North America,4/22/23
CFAKE0168,Robin Allen,Asia,4/9/23
CFAKE0169,Dennis Sosa,South America,12/15/23
CFAKE0170,Adrienne Gonzales,Asia,12/4/23
CFAKE0171,Jason Hatfield,Asia,11/6/23
CFAKE0172,Cassandra Moore,North America,7/27/23
CFAKE0173,Melinda Lozano,South America,6/18/23
CFAKE0174,Jeremy Robbins,Europe,6/10/23
CFAKE0175,Jonathan Hodges,Europe,10/16/23
CFAKE0176,Aaron Lawrence,Asia,10/4/23
CFAKE0177,Paul Sanchez,Europe,5/15/23
CFAKE0178,Tiffany Nelson,North America,5/8/23
CFAKE0179,Michael Smith,South America,6/25/23
CFAKE0180,David Baker,Europe,1/22/23
CFAKE0181,Ashley Galvan,Asia,6/7/23
CFAKE0182,Gwendolyn Fisher DDS,Asia,8/18/23
CFAKE0183,Lucas Thompson,South America,2/20/23
CFAKE0184,Jason Price,Asia,9/21/23
CFAKE0185,Joshua Humphrey,North America,1/27/23
CFAKE0186,David Ross,Asia,10/4/23
CFAKE0187,Shane Brown,Asia,4/7/23
CFAKE0188,Andres Wilson,Europe,11/13/23
CFAKE0189,Michelle Caldwell,Europe,5/27/23
CFAKE0190,Laura Torres,Europe,2/4/23
CFAKE0191,Connie Smith,Europe,2/18/23
CFAKE0192,James Moyer,Europe,1/17/23
CFAKE0193,Jennifer Ruiz,Europe,8/8/23
CFAKE0194,Elizabeth Bowman,Asia,2/15/23
CFAKE0195,Morgan Potter,South America,1/6/23
CFAKE0196,Alexander Davis,North America,8/21/23
CFAKE0197,Lori Hudson,South America,10/7/23
CFAKE0198,Melissa Bell,South America,10/29/23
CFAKE0199,Tamara Adams,South America,4/5/23
CFAKE0200,Sandra Summers,North America,7/7/23
CFAKE0201,Samuel White,South America,4/26/23
CFAKE0202,Kimberly Juarez,North America,9/10/23
CFAKE0203,Tanya Miller PhD,South America,6/10/23
CFAKE0204,Bradley Ellis,Europe,11/19/23
CFAKE0205,Raymond Cordova,Europe,1/18/23
CFAKE0206,Gabrielle Cooper,South America,8/11/23
CFAKE0207,Elizabeth Matthews,Asia,2/27/23
CFAKE0208,Kyle Robinson,North America,12/26/23
CFAKE0209,Javier Adams,Asia,10/7/23
CFAKE0210,Yolanda Miller,Asia,10/15/23
CFAKE0211,Richard Trevino,North America,12/8/23
CFAKE0212,Mary Taylor,North America,5/7/23
CFAKE0213,Allison Robinson,North America,9/30/23
CFAKE0214,Carlos Davis,Europe,10/26/23
CFAKE0215,William Smith,Asia,6/25/23
CFAKE0216,Christopher Anderson,North America,6/19/23
CFAKE0217,Kevin Hughes,North America,1/26/23
CFAKE0218,Samantha Vega,North America,11/2/23
CFAKE0219,Erika Clark,South America,1/13/23
CFAKE0220,Sara Haynes,Europe,11/9/23
CFAKE0221,Brandon Snow,Europe,6/22/23
CFAKE0222,Faith Christian,Europe,11/17/23
CFAKE0223,Bruce Cooper,Europe,5/22/23
CFAKE0224,Michael Pierce,Europe,5/23/23
CFAKE0225,Anna Jones,Europe,12/20/23
CFAKE0226,Andrew Torres,Asia,10/15/23
CFAKE0227,Dawn Orr,North America,12/8/23
CFAKE0228,Joan Adams,North America,6/2/23
CFAKE0229,Terry Moody MD,Asia,3/4/23
CFAKE0230,Nathan Sullivan,Asia,5/5/23
CFAKE0231,Kelly Sanchez,Asia,11/10/23
CFAKE0232,Robert Becker,Asia,12/8/23
CFAKE0233,Natalie Pearson,South America,6/29/23
CFAKE0234,Alexander Gibson,Asia,11/22/23
CFAKE0235,James Lane,North America,2/23/23
CFAKE0236,Tracy Rios,North America,4/11/23
CFAKE0237,Jennifer Wilson,South America,9/21/23
CFAKE0238,Jose Dodson,South America,3/1/23
CFAKE0239,Paul Welch,Europe,4/18/23
CFAKE0240,Jean Marsh,South America,4/13/23
CFAKE0241,Leonard Jacobs,Europe,9/19/23
CFAKE0242,Dr. Bianca Scott,South America,12/16/23
CFAKE0243,Douglas Patrick,North America,12/21/23
CFAKE0244,Wendy Howard,North America,11/4/23
CFAKE0245,Bryan Branch,Europe,9/26/23
CFAKE0246,Jamie Williams,Asia,5/4/23
CFAKE0247,Clayton Keller,Asia,6/7/23
CFAKE0248,Catherine Willis,North America,5/25/23
CFAKE0249,Zachary Williams,Europe,11/15/23
CFAKE0250,Kenneth Rivera,North America,4/2/23
CFAKE0251,Kendra Mcdonald,Asia,12/12/23
CFAKE0252,Dawn Yates,South America,4/27/23
CFAKE0253,Brittany Mccall,Asia,10/6/23
CFAKE0254,Brandi Wilson,North America,5/9/23
CFAKE0255,Elizabeth Smith,Asia,5/2/23
CFAKE0256,Jennifer Brown,South America,8/27/23
CFAKE0257,Judy Bryant,Asia,4/6/23
CFAKE0258,Karen Jensen,Asia,4/28/23
CFAKE0259,Jeffrey Craig,Europe,3/30/23
CFAKE0260,James Garcia,Europe,8/25/23
CFAKE0261,Kelly Herrera,South America,9/29/23
CFAKE0262,Kathleen Walker,South America,7/11/23
CFAKE0263,James Williams,North America,3/10/23
CFAKE0264,Lori Paul,Asia,12/15/23
CFAKE0265,Joshua Chapman,North America,3/17/23
CFAKE0266,John Yoder,Asia,5/24/23
CFAKE0267,Mrs. Lori Patrick DDS,North America,3/27/23
CFAKE0268,Amy Rodriguez,South America,10/12/23
CFAKE0269,Amanda Thomas,Asia,8/8/23
CFAKE0270,Pamela Morris,South America,2/16/23
CFAKE0271,Kaitlyn Foster,South America,4/4/23
CFAKE0272,Tyrone Frost,Asia,7/23/23
CFAKE0273,Bailey Perez,Europe,8/6/23
CFAKE0274,Bradley West,Asia,12/7/23
CFAKE0275,Shannon Riley,North America,4/10/23
CFAKE0276,Margaret Kent,South America,9/11/23
CFAKE0277,Michael Dunn,Asia,12/23/23
CFAKE0278,Aaron Walker,North America,9/7/23
CFAKE0279,William Rodriguez,Asia,9/3/23
CFAKE0280,William Brooks,South America,4/10/23
CFAKE0281,Albert Nelson,Asia,6/29/23
CFAKE0282,Omar Richardson,North America,9/7/23
CFAKE0283,Maurice Roberts,North America,4/6/23
CFAKE0284,Veronica Parsons,South America,11/21/23
CFAKE0285,Kristine Cooper,South America,1/4/23
CFAKE0286,Katie Mayo,Europe,10/7/23
CFAKE0287,John Maldonado,Europe,9/4/23
CFAKE0288,Lauren Garcia,Asia,6/9/23
CFAKE0289,Thomas Greene,North America,12/6/23
CFAKE0290,Kendra Fisher,Europe,6/27/23
CFAKE0291,Jason Hughes,North America,2/2/23
CFAKE0292,Angela Hall,South America,6/28/23
CFAKE0293,Kimberly Richards MD,North America,4/11/23
CFAKE0294,Elizabeth Ruiz,Europe,11/19/23
CFAKE0295,Michelle Barnes,South America,6/17/23
CFAKE0296,Jill Berger,Asia,2/12/23
CFAKE0297,Jamie Young,Europe,10/12/23
CFAKE0298,Pedro Peters,South America,1/12/23
CFAKE0299,Mary Wheeler,North America,10/29/23
CFAKE0300,Eric Boyd,Asia,9/10/23
CBLANK00001,Mark Jordan,Asia,1/12/23
CBLANK00002,Michael Roberts,Asia,10/25/23
CBLANK00003,Matthew Warner,Europe,9/29/23
CBLANK00004,Bryan Martinez,South America,3/8/23
CBLANK00005,Karen Willis,North America,9/11/23
CBLANK00006,Matthew Moore MD,North America,9/10/23
CBLANK00007,Susan Gray,Asia,2/28/23
CBLANK00008,Danielle Shelton,North America,10/21/23
CBLANK00009,Mark Weaver,Europe,7/28/23
CBLANK00010,Tara Drake,Asia,10/11/23
CBLANK00011,Julia Mckinney,North America,4/21/23
CBLANK00012,David Escobar,Europe,12/16/23
CBLANK00013,Aaron Moreno,South America,3/21/23
CBLANK00014,Antonio Thompson,Asia,7/23/23
CBLANK00015,Karen Wells,South America,8/26/23
CBLANK00016,Gabriella Watkins,Europe,10/21/23
CBLANK00017,Virginia Mitchell,Asia,7/3/23
CBLANK00018,Tara Graham,North America,7/31/23
CBLANK00019,Michael Bruce,North America,8/15/23
CBLANK00020,Kevin Benton,North America,1/31/23
CBLANK00021,Elizabeth Scott,Europe,5/31/23
CBLANK00022,Michael Carpenter,Asia,4/6/23
CBLANK00023,Amanda Parker,South America,12/29/23
CBLANK00024,Joseph Mcmahon,Europe,4/28/23
CBLANK00025,Michelle Robles,North America,3/28/23
CBLANK00026,Tracey Davis,South America,10/2/23
CBLANK00027,Mitchell Lewis,North America,2/19/23
CBLANK00028,Jennifer Brown MD,North America,4/22/23
CBLANK00029,Gregory Powell,Europe,10/29/23
CBLANK00030,Alexandra Francis,Europe,11/29/23
CBLANK00031,Jennifer Harrison,North America,6/11/23
CBLANK00032,David Morales,Europe,3/18/23
CBLANK00033,Sharon Mccarthy,South America,2/27/23
CBLANK00034,Nicole Banks,Europe,6/12/23
CBLANK00035,Mr. Richard Lewis,South America,3/6/23
CBLANK00036,Samantha Mayer,Asia,10/25/23
CBLANK00037,Linda Wright,North America,10/9/23
CBLANK00038,Devin Velazquez,North America,6/24/23
CBLANK00039,Joseph Lopez,South America,3/23/23
CBLANK00040,Judy Ford,Asia,7/23/23
CBLANK00041,Kimberly Petty,Europe,4/14/23
CBLANK00042,Annette Garcia,Asia,3/25/23
CBLANK00043,Julie Estrada,Europe,9/16/23
CBLANK00044,Justin Pacheco,Europe,12/30/23
CBLANK00045,Kim Lane,Asia,6/23/23
CBLANK00046,Dorothy Mcdonald,Asia,11/22/23
CBLANK00047,Brian Hayes,Europe,7/4/23
CBLANK00048,Robert Robinson,Asia,12/10/23
CBLANK00049,Jasmine Bell,Asia,8/19/23
CBLANK00050,Tristan Flowers,North America,2/14/23
CBLANK00051,Steven Shannon,Europe,3/24/23
CBLANK00052,Lisa Williams,Asia,2/8/23
CBLANK00053,Christine White,Asia,5/25/23
CBLANK00054,Robert Cruz,South America,2/20/23
CBLANK00055,Dennis Rhodes,South America,3/8/23
CBLANK00056,Alexis Adams,Europe,5/2/23
CBLANK00057,William Tucker,Asia,2/18/23
CBLANK00058,Cory Owen,Asia,5/29/23
CBLANK00059,Derek Perry,North America,7/4/23
CBLANK00060,Stephanie Sullivan,Asia,5/25/23
CBLANK00061,Damon Rose,North America,12/31/23
CBLANK00062,Jon Chavez,Asia,5/29/23
CBLANK00063,Brittany Bowen,Europe,8/12/23
CBLANK00064,Diana Wu,Asia,7/11/23
CBLANK00065,Brian Snow,Europe,5/4/23
CBLANK00066,Jenna Hill,Europe,10/19/23
CBLANK00067,Austin Elliott,South America,10/27/23
CBLANK00068,Tammy Mccarthy,Asia,7/2/23
CBLANK00069,Kathleen Guzman,North America,3/29/23
CBLANK00070,Tracy Jackson,Asia,2/7/23
CBLANK00071,Tiffany Johnson,South America,3/13/23
CBLANK00072,Shaun Stephens,Asia,2/13/23
CBLANK00073,Ricky Ellis,North America,4/26/23
CBLANK00074,Katherine Walker,South America,11/9/23
CBLANK00075,Anthony Bishop,North America,10/6/23
CBLANK00076,Ryan Barrett,Europe,8/6/23
CBLANK00077,Jennifer Hunter,Europe,3/12/23
CBLANK00078,Brooke Dillon,South America,9/30/23
CBLANK00079,Robert Armstrong,North America,6/19/23
CBLANK00080,Russell Roberson,South America,10/31/23
CBLANK00081,Logan Knapp,Asia,8/27/23
CBLANK00082,Tristan Bailey,Europe,7/29/23
CBLANK00083,Veronica Wilson,Europe,2/26/23
CBLANK00084,Jesse Coleman,North America,7/8/23
CBLANK00085,Billy Saunders,South America,2/13/23
CBLANK00086,Dan Wallace,North America,5/2/23
CBLANK00087,Jerry Diaz,North America,11/5/23
CBLANK00088,Vanessa Gray,South America,11/8/23
CBLANK00089,Alexander Fox,Europe,5/31/23
CBLANK00090,Stephanie Jefferson,North America,1/7/23
CBLANK00091,Brenda Parsons,North America,5/10/23
CBLANK00092,Nathaniel Douglas,South America,5/12/23
CBLANK00093,Kelly Gomez,Europe,11/1/23
CBLANK00094,Amber Morton,South America,12/4/23
CBLANK00095,Mary Morris,North America,12/17/23
CBLANK00096,Susan Daniel,Asia,4/22/23
CBLANK00097,Felicia Clark,South America,7/26/23
CBLANK00098,Lisa Holder,Europe,9/25/23
CBLANK00099,Michelle Morris,Europe,2/15/23
CBLANK00100,Ellen Robinson,South America,9/27/23
CBLANK00101,Kristy Hunt,North America,4/26/23
CBLANK00102,Christopher Brown,South America,7/24/23
CBLANK00103,Tamara Conner,South America,4/20/23
CBLANK00104,David Miller,Asia,11/14/23
CBLANK00105,Daniel Carter DVM,North America,3/21/23
CBLANK00106,Kristen Barton,Europe,9/27/23
CBLANK00107,Janice Hampton,Asia,3/17/23
CBLANK00108,Mr. Calvin Green PhD,Asia,3/22/23
CBLANK00109,John Crawford DDS,Europe,11/5/23
CBLANK00110,Jessica Lee,North America,9/24/23
CBLANK00111,Gene Jones,South America,10/24/23
CBLANK00112,Phillip Wallace,Europe,6/23/23
CBLANK00113,Michael Fisher,Europe,8/12/23
CBLANK00114,Angelica Rodriguez,North America,9/24/23
CBLANK00115,Joseph Long,South America,6/4/23
CBLANK00116,Crystal Benton,Europe,5/29/23
CBLANK00117,Carlos Ward,South America,5/7/23
CBLANK00118,Mr. Bradley Anderson,South America,10/15/23
CBLANK00119,Michael Clark,South America,2/27/23
CBLANK00120,James Johnson,Europe,6/4/23
CBLANK00121,William Ramos,Asia,6/17/23
CBLANK00122,Mary Garza,South America,3/23/23
CBLANK00123,Madison Moore,North America,4/16/23
CBLANK00124,Kathy Wood,South America,12/18/23
CBLANK00125,Michael Bender,Asia,3/3/23
CBLANK00126,Krystal Johnson,Europe,5/16/23
CBLANK00127,Matthew Vasquez,Europe,4/24/23
CBLANK00128,Brianna Smith,Europe,6/6/23
CBLANK00129,Linda Brock,Europe,8/17/23
CBLANK00130,Jason Harmon,Europe,9/12/23
CBLANK00131,Kim Keith,North America,10/2/23
CBLANK00132,Keith Martin,South America,1/31/23
CBLANK00133,Amanda Chandler,Europe,10/9/23
CBLANK00134,Casey Wallace,South America,1/29/23
CBLANK00135,Jesse Monroe,South America,6/19/23
CBLANK00136,Patrick Cooper,Asia,6/24/23
CBLANK00137,Jeffrey Chavez,Asia,8/28/23
CBLANK00138,Veronica Cisneros,Europe,1/2/23
CBLANK00139,Veronica Page,Asia,2/6/23
CBLANK00140,Eric Campos,North America,8/21/23
CBLANK00141,John Key,North America,10/24/23
CBLANK00142,Timothy Glover,Europe,9/10/23
CBLANK00143,Clinton Robinson,North America,7/31/23
CBLANK00144,Ethan Lynn,Europe,3/5/23
CBLANK00145,Audrey Ramirez,South America,5/26/23
CBLANK00146,Deborah Miller,Europe,4/15/23
CBLANK00147,Rachel Lynch,Asia,2/5/23
CBLANK00148,Allen Werner,North America,9/13/23
CBLANK00149,Christina Wilson,Europe,12/15/23
CBLANK00150,Andrew Brown,South America,10/6/23
CBLANK00151,Dawn Kim,Europe,4/23/23
CBLANK00152,Cory Fox,North America,1/11/23
CBLANK00153,Krystal Fox,Asia,8/12/23
CBLANK00154,Jeremy Trevino,Asia,9/6/23
CBLANK00155,Deanna Williams,North America,9/26/23
CBLANK00156,Kyle Livingston,Asia,10/18/23
CBLANK00157,Todd Williams,North America,1/29/23
CBLANK00158,Christopher Cook,North America,12/5/23
CBLANK00159,Christopher Cook,Europe,4/5/23
CBLANK00160,Jessica Wall,Europe,9/16/23
CBLANK00161,Daniel Miller,Asia,5/4/23
CBLANK00162,Stephen Smith,North America,8/4/23
CBLANK00163,Ashley Barnes,South America,4/2/23
CBLANK00164,Mary Martin,Europe,4/17/23
CBLANK00165,Alexander Sanchez,Asia,2/21/23
CBLANK00166,Ryan Johnson,North America,10/21/23
CBLANK00167,Matthew Adams,Europe,12/11/23
CBLANK00168,Theresa Miller,Asia,2/25/23
CBLANK00169,Jennifer Bailey,Asia,2/14/23
CBLANK00170,Brooke Chambers,Europe,12/9/23
CBLANK00171,Benjamin Alexander,North America,8/20/23
CBLANK00172,Michael White,Asia,11/16/23
CBLANK00173,Jason Collins,North America,5/16/23
CBLANK00174,Katie Smith,South America,1/13/23
CBLANK00175,Jerry Diaz,South America,1/29/23
CBLANK00176,Darin Garcia,Asia,10/20/23
CBLANK00177,Steve Spencer,South America,4/18/23
CBLANK00178,Linda Mendoza,South America,6/25/23
CBLANK00179,Ryan Kline,North America,8/30/23
CBLANK00180,Jeffrey Phillips,Asia,11/15/23
CBLANK00181,Tiffany Martin,Asia,12/16/23
CBLANK00182,Kim Ryan,North America,10/12/23
CBLANK00183,Donald Adams,Asia,9/16/23
CBLANK00184,John Phelps,South America,7/24/23
CBLANK00185,Lindsey Martinez,Europe,9/16/23
CBLANK00186,Michael Brown,Asia,9/27/23
CBLANK00187,Sheri Copeland,South America,3/22/23
CBLANK00188,Eric Wade,South America,7/7/23
CBLANK00189,Monica Ramos DDS,Asia,12/4/23
CBLANK00190,Jennifer Valdez,Europe,8/19/23
CBLANK00191,Robert Miles,Asia,1/28/23
CBLANK00192,Erin Blanchard,Asia,11/19/23
CBLANK00193,Lisa Bautista,North America,8/25/23
CBLANK00194,Scott Rogers,South America,1/4/23
CBLANK00195,Deanna Brown,Europe,12/14/23
CBLANK00196,Sharon Allen,Europe,7/1/23
CBLANK00197,Douglas Padilla,Europe,9/29/23
CBLANK00198,Kristopher Johnson,North America,3/28/23
CBLANK00199,Jessica Todd,Asia,3/14/23
CBLANK00200,Kelly Hale,North America,6/22/23
CBLANK00201,Tracey Brown,Asia,7/6/23
CBLANK00202,Sandra Carpenter,North America,8/24/23
CBLANK00203,Erika Simpson,Asia,3/14/23
CBLANK00204,Betty Young,South America,8/18/23
CBLANK00205,Kristin Alvarez,Asia,6/11/23
CBLANK00206,Michael Meadows,North America,9/7/23
CBLANK00207,Steven Fox,North America,7/18/23
CBLANK00208,Preston Obrien,South America,8/28/23
CBLANK00209,Michelle Fisher,South America,3/17/23
CBLANK00210,Victor Pope,South America,12/8/23
CBLANK00211,Douglas Allen,Asia,10/22/23
CBLANK00212,Margaret Hart,South America,2/14/23
CBLANK00213,Kristopher Jackson,North America,6/28/23
CBLANK00214,Paul Ramos,Asia,1/17/23
CBLANK00215,Nathan Murray,North America,3/25/23
CBLANK00216,Shane Wilson,North America,5/12/23
CBLANK00217,Brandon Bonilla,South America,10/14/23
CBLANK00218,Derek Gonzalez,Asia,4/5/23
CBLANK00219,Brandy Moore,Europe,5/12/23
CBLANK00220,Thomas Wagner,Asia,12/6/23
CBLANK00221,Antonio Williams,Europe,12/26/23
CBLANK00222,William Ellis,South America,4/22/23
CBLANK00223,Sarah Morgan,North America,11/2/23
CBLANK00224,Steven Erickson,North America,2/20/23
CBLANK00225,Joseph Moore,Asia,7/8/23
CBLANK00226,Sally Zimmerman,Europe,5/29/23
CBLANK00227,Charlotte Kelly,South America,10/8/23
CBLANK00228,Nathaniel Hall,South America,2/5/23
CBLANK00229,Rhonda Caldwell,North America,6/20/23
CBLANK00230,Joshua Murphy,Asia,12/3/23
CBLANK00231,Angel Mcdaniel,Europe,2/14/23
CBLANK00232,Lori Wilson,South America,10/31/23
CBLANK00233,Catherine Miller,Europe,5/22/23
CBLANK00234,Kathy Austin,North America,5/8/23
CBLANK00235,Brenda Weaver,North America,6/2/23
CBLANK00236,Julie Graham,North America,2/28/23
CBLANK00237,Joy Dixon,North America,6/6/23
CBLANK00238,Beth Jones,North America,2/8/23
CBLANK00239,Edward Mcfarland,Asia,4/11/23
CBLANK00240,Jackie Gonzalez,North America,6/18/23
CBLANK00241,Antonio Oneal,Europe,5/21/23
CBLANK00242,William Brown,North America,10/2/23
CBLANK00243,Michele Mcdaniel,Europe,11/18/23
CBLANK00244,Angela Caldwell,South America,6/1/23
CBLANK00245,Ms. Vanessa Copeland,Europe,10/21/23
CBLANK00246,Wyatt Jackson,Asia,7/27/23
CBLANK00247,Matthew Bartlett,South America,2/6/23
CBLANK00248,Erica Warren,Europe,3/19/23
CBLANK00249,Michelle Hoover,South America,6/21/23
CBLANK00250,Jeffrey Chavez,South America,12/3/23
CBLANK00251,Jeffrey Jones,Europe,4/3/23
CBLANK00252,Justin Baldwin,South America,6/3/23
CBLANK00253,Emily Williams,Asia,12/24/23
CBLANK00254,Kimberly Church,South America,7/23/23
CBLANK00255,Franklin Meyer Jr.,Europe,12/14/23
CBLANK00256,David Cross,South America,12/18/23
CBLANK00257,Lisa Simmons,Asia,12/2/23
CBLANK00258,Tracy Kline,Europe,9/3/23
CBLANK00259,Gregory Robertson,North America,7/2/23
CBLANK00260,Lisa Johnson,North America,9/14/23
CBLANK00261,Mrs. Christina Mejia,Asia,8/7/23
CBLANK00262,Rebecca Harrington,South America,5/19/23
CBLANK00263,Anthony Kelley,South America,8/15/23
CBLANK00264,Michael Larsen,Asia,10/29/23
CBLANK00265,Thomas Simpson,South America,9/12/23
CBLANK00266,Paul Sullivan,Asia,3/7/23
CBLANK00267,Alexa Jones,Asia,11/21/23
CBLANK00268,Mitchell Salazar,South America,12/5/23
CBLANK00269,Anthony Bowen,North America,5/9/23
CBLANK00270,Sara Brown,North America,5/26/23
CBLANK00271,Paul Bell,South America,10/15/23
CBLANK00272,David Campbell,Europe,9/24/23
CBLANK00273,Christopher Baldwin,Europe,1/8/23
CBLANK00274,Bradley Calderon,Europe,8/1/23
CBLANK00275,Stephen Lee,Asia,6/15/23
CBLANK00276,Shelia Collins,Asia,1/2/23
CBLANK00277,Ann Larson,Asia,11/25/23
CBLANK00278,Chase Hamilton,North America,9/16/23
CBLANK00279,Mrs. Brittany Fuentes,Asia,8/16/23
CBLANK00280,Bryan Hanson,Europe,1/26/23
CBLANK00281,Kenneth Diaz,Asia,12/16/23
CBLANK00282,Mark Long,Asia,5/16/23
CBLANK00283,Heather Hayes,North America,11/27/23
CBLANK00284,Jennifer Wilson,South America,7/16/23
CBLANK00285,Lynn Robinson,Asia,1/30/23
CBLANK00286,Caitlin Scott,North America,10/26/23
CBLANK00287,Matthew Mendez,South America,9/13/23
CBLANK00288,Jillian Miranda,Europe,11/4/23
CBLANK00289,Kayla Hodges,South America,2/10/23
CBLANK00290,Brian Perkins,Europe,12/30/23
CBLANK00291,Amy Moore,North America,6/1/23
CBLANK00292,Lisa Casey,Europe,1/2/23
CBLANK00293,Scott Roman,North America,2/13/23
CBLANK00294,Daniel Clark,South America,11/22/23
CBLANK00295,Paul Ramos,North America,10/21/23
CBLANK00296,Jordan Fleming,Asia,6/22/23
CBLANK00297,Rebecca Williams,South America,2/22/23
CBLANK00298,Martha Foster,Europe,5/8/23
CBLANK00299,Scott Benson,North America,5/12/23
CBLANK00300,Gregory Anderson,South America,8/8/23
CBLANK00301,Erica Murphy,South America,9/24/23
CBLANK00302,Sarah Cook,South America,9/15/23
CBLANK00303,Michael Jones,Asia,5/20/23
CBLANK00304,Pamela Fitzpatrick,Asia,9/4/23
CBLANK00305,Julie Delacruz,Europe,2/25/23
CBLANK00306,David Wiley,Europe,9/11/23
CBLANK00307,Stephen Vang,Europe,9/4/23
CBLANK00308,Matthew Garcia,Europe,5/5/23
CBLANK00309,Martha Sanchez,South America,12/27/23
CBLANK00310,Mark Campbell,Europe,5/12/23
CBLANK00311,Kevin Sanchez,South America,2/21/23
CBLANK00312,Leah Wright,Asia,1/22/23
CBLANK00313,Cindy Moore,South America,11/15/23
CBLANK00314,Justin Lewis,North America,6/17/23
CBLANK00315,Jonathan Moore,Asia,12/27/23
CBLANK00316,Caitlin Young,Asia,8/23/23
CBLANK00317,Lisa Williams,North America,4/30/23
CBLANK00318,Nancy Smith,Asia,11/18/23
CBLANK00319,Dawn Lawson,North America,11/24/23
CBLANK00320,Kimberly Williams,Asia,7/29/23
CBLANK00321,Dawn Williams,Asia,3/16/23
CBLANK00322,Stephen Novak,Europe,5/14/23
CBLANK00323,Samuel Wood,South America,6/23/23
CBLANK00324,Nathan Hunt,North America,3/30/23
CBLANK00325,Sandra Hood,Asia,1/31/23
CBLANK00326,Kevin Carpenter,South America,2/7/23
CBLANK00327,Jeffrey Wang,Europe,5/18/23
CBLANK00328,John Chambers,Asia,3/17/23
CBLANK00329,Daniel Jones,North America,9/10/23
CBLANK00330,Jaclyn Thomas,Asia,3/20/23
CBLANK00331,Bruce Reynolds,Asia,11/14/23
CBLANK00332,Alexandra Henderson,Europe,6/12/23
CBLANK00333,James Wang,Asia,5/8/23
CBLANK00334,John Werner,Asia,11/25/23
CBLANK00335,James Huerta,North America,3/24/23
CBLANK00336,Sean Caldwell,South America,8/5/23
CBLANK00337,Anthony Morris,Asia,10/5/23
CBLANK00338,Sarah Callahan,North America,6/1/23
CBLANK00339,Phillip Landry,Asia,12/9/23
CBLANK00340,Jesse Cardenas,Asia,9/8/23
CBLANK00341,Tonya Burns,North America,12/19/23
CBLANK00342,Shane Wang,Europe,5/20/23
CBLANK00343,John Kirk,South America,3/14/23
CBLANK00344,Norma Torres,Europe,10/26/23
CBLANK00345,David Clark,Europe,7/14/23
CBLANK00346,Traci Poole,Europe,3/29/23
CBLANK00347,Christopher Barrett,South America,6/15/23
CBLANK00348,Nancy Simmons,Asia,10/23/23
CBLANK00349,Elizabeth Merritt,Asia,7/22/23
CBLANK00350,Juan Green,North America,7/6/23
CBLANK00351,Jose Lee,Europe,10/2/23
CBLANK00352,Stacey Williams,Europe,3/14/23
CBLANK00353,Andrea French,North America,12/4/23
CBLANK00354,William Macdonald,South America,11/6/23
CBLANK00355,Teresa Brown,Asia,10/23/23
CBLANK00356,Vanessa Haney,Europe,1/27/23
CBLANK00357,Mark Russell,South America,2/16/23
CBLANK00358,Michael Hickman,Europe,4/22/23
CBLANK00359,Anthony Williams,North America,5/31/23
CBLANK00360,Amanda Johnson,North America,11/11/23
CBLANK00361,Virginia Brooks,South America,5/6/23
CBLANK00362,Vanessa Sanford,North America,2/19/23
CBLANK00363,Sharon Villa,Europe,3/7/23
CBLANK00364,Debra Barry,North America,12/28/23
CBLANK00365,Jeremy Lutz,North America,9/9/23
CBLANK00366,Marie Young,North America,7/15/23
CBLANK00367,Cynthia Mills,South America,7/2/23
CBLANK00368,Madison Johnson,Europe,10/15/23
CBLANK00369,Anthony Willis,North America,4/28/23
CBLANK00370,William Perry,Europe,11/9/23
CBLANK00371,Dr. Michael Parker,Asia,12/13/23
CBLANK00372,Connie Bailey,Europe,10/4/23
CBLANK00373,Daniel Lawrence,Europe,5/12/23
CBLANK00374,David Garcia,North America,1/29/23
CBLANK00375,Terri Alvarez,North America,11/16/23
CBLANK00376,Darryl Rogers,South America,8/13/23
CBLANK00377,Thomas Harrington,Europe,5/19/23
CBLANK00378,James Johnson,South America,10/8/23
CBLANK00379,Brian Mcintyre,South America,1/26/23
CBLANK00380,Victor Carrillo,Europe,9/24/23
CBLANK00381,David Davis,Asia,11/9/23
CBLANK00382,Shane Dickerson,South America,5/18/23
CBLANK00383,Vincent Terry,South America,10/8/23
CBLANK00384,Kelly Smith,Europe,2/26/23
CBLANK00385,Haley Wall,North America,8/19/23
CBLANK00386,Ricky Bell,Asia,3/27/23
CBLANK00387,Nancy Stewart,South America,11/6/23
CBLANK00388,Danielle Rose,North America,8/16/23
CBLANK00389,John Bird,Asia,11/6/23
CBLANK00390,Cory Schmidt,South America,12/10/23
CBLANK00391,Robin Gomez,South America,1/2/23
CBLANK00392,Thomas Waller,Europe,4/1/23
CBLANK00393,Eric Bailey MD,Asia,8/30/23
CBLANK00394,Terri Bray,North America,9/3/23
CBLANK00395,Kyle Johnson,Europe,3/20/23
CBLANK00396,Jennifer Crane,North America,10/31/23
CBLANK00397,Teresa Anderson,Asia,8/13/23
CBLANK00398,Paul Estrada,Asia,7/21/23
CBLANK00399,Brandon Mahoney,South America,1/6/23
CBLANK00400,Jason Trujillo,Asia,5/31/23
CBLANK00401,Anthony Graham,Europe,4/20/23
CBLANK00402,Sharon Mueller,South America,8/29/23
CBLANK00403,Brett Mercado,North America,3/31/23
CBLANK00404,Austin Jackson,Asia,1/30/23
CBLANK00405,Samantha Arnold,Asia,8/25/23
CBLANK00406,Gary Mcneil,North America,6/19/23
CBLANK00407,Melissa Johnson,South America,3/29/23
CBLANK00408,Alexander Rogers,Europe,9/9/23
CBLANK00409,Mr. Michael David,Europe,2/20/23
CBLANK00410,John Hogan,Europe,2/15/23
CBLANK00411,Vincent Foster,Europe,1/27/23
CBLANK00412,Jennifer Padilla,North America,4/9/23
CBLANK00413,Jeremy Russell,Europe,10/3/23
CBLANK00414,Shannon Wilson,Europe,4/5/23
CBLANK00415,Amanda Reeves,North America,5/26/23
CBLANK00416,Lauren Werner,Europe,6/4/23
CBLANK00417,Danielle Woods,Asia,11/17/23
CBLANK00418,Mr. Jose Hall,Europe,10/3/23
CBLANK00419,Joanne Griffin,Asia,9/13/23
CBLANK00420,Ms. Brooke Wilson,South America,1/1/23
CBLANK00421,Kimberly Montes,North America,10/22/23
CBLANK00422,Carlos Gutierrez,North America,6/4/23
CBLANK00423,Thomas Smith,Europe,8/14/23
CBLANK00424,Michael Johnson,North America,1/20/23
CBLANK00425,Alan Wood,North America,12/6/23
CBLANK00426,Claudia Richardson,North America,1/1/23
CBLANK00427,Jaclyn Bailey,South America,12/2/23
CBLANK00428,Patrick Smith,South America,8/1/23
CBLANK00429,Sergio Hanson,North America,9/5/23
CBLANK00430,Lindsay Garcia,North America,8/15/23
CBLANK00431,Scott Norton,Europe,7/9/23
CBLANK00432,Jessica Wolfe MD,Europe,11/3/23
CBLANK00433,Anne Valenzuela,Asia,2/26/23
CBLANK00434,Joe Oneal,Asia,11/7/23
CBLANK00435,Kayla Greer,South America,3/30/23
CBLANK00436,Timothy Williams,North America,4/19/23
CBLANK00437,Courtney West PhD,South America,10/12/23
CBLANK00438,Jonathan Rodriguez,Europe,9/1/23
CBLANK00439,Michael Jackson,South America,3/15/23
CBLANK00440,Heather Wolfe,North America,9/19/23
CBLANK00441,Kelly Wilson,Europe,8/18/23
CBLANK00442,Misty Bowman,Europe,11/19/23
CBLANK00443,Charles Baker,North America,10/1/23
CBLANK00444,Dorothy White,South America,8/15/23
CBLANK00445,Jason Clark,Europe,6/14/23
CBLANK00446,Diana Stephens,North America,8/5/23
CBLANK00447,Ryan Perkins,Europe,7/9/23
CBLANK00448,Laura Williams,Asia,8/20/23
CBLANK00449,Jacob Weber,Asia,7/3/23
CBLANK00450,Renee Mclean,Asia,8/31/23
CBLANK00451,Joe Pearson,Asia,2/22/23
CBLANK00452,Wendy Wise,Asia,7/21/23
CBLANK00453,Marcus Padilla,Asia,2/19/23
CBLANK00454,Eric Rodriguez,North America,9/17/23
CBLANK00455,Elizabeth Carter,North America,7/14/23
CBLANK00456,Vincent Bradford,South America,9/5/23
CBLANK00457,Madeline Arias,Europe,6/26/23
CBLANK00458,Whitney Daugherty,Europe,5/30/23
CBLANK00459,Stephen Wilson,Europe,1/13/23
CBLANK00460,Kristina Garcia,South America,10/16/23
CBLANK00461,Kelli Dixon,North America,3/5/23
CBLANK00462,Steven White,North America,4/15/23
CBLANK00463,Dawn Sweeney,South America,8/27/23
CBLANK00464,Dana Perez,Asia,11/20/23
CBLANK00465,James Mclaughlin,North America,8/13/23
CBLANK00466,Michael Brown,South America,5/13/23
CBLANK00467,Pamela Miller,Europe,2/9/23
CBLANK00468,Ronnie Davis,North America,8/9/23
CBLANK00469,Betty Eaton,South America,4/4/23
CBLANK00470,Karen Dorsey,North America,3/1/23
CBLANK00471,Amanda Moore,South America,5/12/23
CBLANK00472,Mackenzie Hernandez,South America,10/28/23
CBLANK00473,Valerie King,Europe,3/10/23
CBLANK00474,Jay Fitzpatrick,Asia,5/31/23
CBLANK00475,Donna Ingram,Asia,12/11/23
CBLANK00476,Kimberly Harmon,Europe,7/15/23
CBLANK00477,Mrs. Danielle Smith,Europe,3/14/23
CBLANK00478,Michael Fox,Asia,2/19/23
CBLANK00479,Jasmine Rocha,South America,4/27/23
CBLANK00480,Michael Mcdaniel,Europe,8/5/23
CBLANK00481,Nathaniel Rodriguez,South America,4/21/23
CBLANK00482,Cynthia Chung,Asia,3/30/23
CBLANK00483,Tammy Griffin,Europe,11/6/23
CBLANK00484,Heidi Porter,South America,6/6/23
CBLANK00485,Michael Lewis,South America,3/10/23
CBLANK00486,Sandra Ramos,Asia,8/13/23
CBLANK00487,Yvonne Moore,North America,1/5/23
CBLANK00488,Cindy Riley,North America,4/28/23
CBLANK00489,Cassandra Green,South America,6/21/23
CBLANK00490,Isabella Martinez,North America,11/19/23
CBLANK00491,Susan Delgado,South America,12/31/23
CBLANK00492,Scott Foster,Asia,3/19/23
CBLANK00493,Kristi Newman,South America,1/20/23
CBLANK00494,Cameron Roberts,Asia,1/14/23
CBLANK00495,Joseph Marshall,Asia,8/25/23
CBLANK00496,Mr. Alexander Liu,South America,10/18/23
CBLANK00497,Spencer Horne,Asia,7/8/23
CBLANK00498,Chase Jones,Europe,5/27/23
CBLANK00499,Jennifer Jones,Europe,2/11/23
CBLANK00500,Jack Kane,Europe,12/20/23
CBLANK00501,Kathy Hansen,South America,11/20/23
CBLANK00502,Samantha Ruiz,Europe,9/12/23
CBLANK00503,Spencer Raymond MD,South America,8/6/23
CBLANK00504,Roger Walker,Asia,2/20/23
CBLANK00505,Tina Brown,Europe,4/10/23
CBLANK00506,Frank Wilkerson,Europe,8/25/23
CBLANK00507,William Martin,North America,6/6/23
CBLANK00508,Leslie Vasquez,Asia,1/14/23
CBLANK00509,Amanda Pitts,Europe,5/19/23
CBLANK00510,Brittany Wilson,North America,10/30/23
CBLANK00511,Christie Jones,Europe,1/24/23
CBLANK00512,Christopher King,Asia,6/26/23
CBLANK00513,John Charles,North America,2/24/23
CBLANK00514,Allison Torres,South America,11/22/23
CBLANK00515,Selena Walker,Asia,11/25/23
CBLANK00516,Alexis Duncan,North America,10/27/23
CBLANK00517,Daniel Lynch,Europe,3/30/23
CBLANK00518,Emily Yates,North America,10/28/23
CBLANK00519,Lori Larsen,Asia,11/14/23
CBLANK00520,Andrew Cervantes,Europe,6/27/23
CBLANK00521,Elizabeth George,Asia,9/26/23
CBLANK00522,Melissa Smith,South America,6/8/23
CBLANK00523,Tanner Ferguson,South America,12/5/23
CBLANK00524,Jennifer Jones,Europe,5/21/23
CBLANK00525,Donald Benton,South America,1/17/23
CBLANK00526,Casey Murray,Europe,1/5/23
CBLANK00527,Meagan Kirk,Asia,5/17/23
CBLANK00528,Robin Duncan,North America,6/11/23
CBLANK00529,Michael Armstrong,South America,9/14/23
CBLANK00530,John Valencia,Europe,10/15/23
CBLANK00531,Riley Douglas,Asia,12/21/23
CBLANK00532,George Baker,South America,4/23/23
CBLANK00533,Albert Ferguson,Asia,7/9/23
CBLANK00534,Donna Chavez,Asia,1/11/23
CBLANK00535,Troy Miranda,North America,4/29/23
CBLANK00536,Judy Acevedo,Asia,11/15/23
CBLANK00537,Ann Smith,Asia,3/10/23
CBLANK00538,Justin Martin,Asia,5/14/23
CBLANK00539,Paula Paul,South America,2/20/23
CBLANK00540,Donald Gordon,North America,5/21/23
CBLANK00541,Scott Alexander,North America,1/25/23
CBLANK00542,Richard Mcdonald,Asia,9/27/23
CBLANK00543,Sarah Turner,South America,12/27/23
CBLANK00544,Michael Espinoza,Europe,10/22/23
CBLANK00545,Heidi Williams,South America,10/31/23
CBLANK00546,Sarah Vasquez,North America,11/1/23
CBLANK00547,Chad Mayer,South America,10/10/23
CBLANK00548,Catherine Ford,South America,10/14/23
CBLANK00549,Mrs. Desiree Nguyen,North America,6/15/23
CBLANK00550,Denise Guzman,North America,4/18/23
CBLANK00551,Jason Sanders,Europe,3/6/23
CBLANK00552,Luis Allen,North America,12/19/23
CBLANK00553,Adam Wheeler,South America,8/12/23
CBLANK00554,Erika Smith,South America,10/16/23
CBLANK00555,Jeremy Nicholson,South America,7/5/23
CBLANK00556,Jason Rivera,Asia,7/19/23
CBLANK00557,Brandon Mcguire,Europe,1/11/23
CBLANK00558,Michael Estrada,South America,11/21/23
CBLANK00559,Ricky Morris,Asia,10/4/23
CBLANK00560,Mark Miller,North America,12/16/23
CBLANK00561,Paula Johnson,Asia,3/3/23
CBLANK00562,Paul Mann,South America,1/9/23
CBLANK00563,Lisa Vaughan,Asia,10/7/23
CBLANK00564,Kristin Adams,North America,8/26/23
CBLANK00565,Crystal King,South America,5/7/23
CBLANK00566,Juan Cohen,Europe,8/25/23
CBLANK00567,Tammy Werner,North America,6/27/23
CBLANK00568,Rebecca Whitaker,Asia,5/29/23
CBLANK00569,Barbara George,Asia,4/28/23
CBLANK00570,Thomas Carter,North America,11/11/23
CBLANK00571,Paula Larson,Europe,4/7/23
CBLANK00572,Brett Lawson,North America,1/17/23
CBLANK00573,Alicia Montgomery,South America,10/6/23
CBLANK00574,Heather Morris,North America,6/3/23
CBLANK00575,Shawn Hoffman,Asia,6/24/23
CBLANK00576,Jeffrey Krueger,Asia,1/29/23
CBLANK00577,Christopher Alvarez,Asia,1/10/23
CBLANK00578,Colleen Maynard,Europe,10/17/23
CBLANK00579,Brittany Wood,South America,5/21/23
CBLANK00580,Kyle Oliver,North America,10/28/23
CBLANK00581,Madison Hardy,Europe,7/25/23
CBLANK00582,Madison Martinez,South America,3/23/23
CBLANK00583,Adam Jefferson,Europe,4/29/23
CBLANK00584,Lisa Gates,Europe,5/16/23
CBLANK00585,William Robbins,South America,10/3/23
CBLANK00586,Mr. Kenneth Cooper,South America,7/27/23
CBLANK00587,Melissa Tucker,Asia,8/31/23
CBLANK00588,Michael Reyes,South America,12/11/23
CBLANK00589,Diana Navarro,Europe,4/25/23
CBLANK00590,Pamela Sanchez,Asia,1/16/23
CBLANK00591,Deborah Bray,Europe,9/23/23
CBLANK00592,Valerie Ball,North America,2/17/23
CBLANK00593,Sonya Walker,North America,7/23/23
CBLANK00594,Vanessa Campbell,Europe,10/15/23
CBLANK00595,Cesar Walters,Asia,11/12/23
CBLANK00596,Meghan Richards,North America,1/20/23
CBLANK00597,William Oconnor,North America,11/29/23
CBLANK00598,Elizabeth Carrillo,North America,9/23/23
CBLANK00599,Jason Wilson,Europe,2/7/23
CBLANK00600,Carrie Johnson,Asia,3/24/23
CBLANK00601,Deborah Gilbert,Europe,2/23/23
CBLANK00602,Angela Ayers,South America,11/9/23
CBLANK00603,Nathan Parsons,North America,1/25/23
CBLANK00604,Alex Ford,Asia,2/14/23
CBLANK00605,Robert Stout,Europe,4/28/23
CBLANK00606,Jamie Hartman,Asia,5/5/23
CBLANK00607,Pamela Bishop,Europe,12/10/23
CBLANK00608,Victoria Morgan,South America,6/16/23
CBLANK00609,Nathan Thomas,South America,7/13/23
CBLANK00610,Carl Wright,Asia,5/4/23
CBLANK00611,Perry Browning,North America,2/27/23
CBLANK00612,Eric Walters,Europe,2/28/23
CBLANK00613,Jessica Clark,Asia,11/4/23
CBLANK00614,Michael Scott,South America,3/10/23
CBLANK00615,Jesse Hunt,Asia,9/1/23
CBLANK00616,Clayton Jackson,North America,1/5/23
CBLANK00617,Susan Briggs,North America,9/21/23
CBLANK00618,Amy Frank,South America,11/30/23
CBLANK00619,Melissa Jones,South America,8/10/23
CBLANK00620,Michael Dawson,North America,8/17/23
CBLANK00621,Zoe Kidd,Europe,2/1/23
CBLANK00622,Carol Patton,North America,12/19/23
CBLANK00623,Jesse Greene,Asia,1/24/23
CBLANK00624,Erin Warren,Asia,7/6/23
CBLANK00625,James Williams,South America,5/8/23
CBLANK00626,Henry Pham,Europe,10/21/23
CBLANK00627,Ashley Mcdonald,Asia,5/29/23
CBLANK00628,Eric Mcdonald,North America,6/23/23
CBLANK00629,Henry Strong,South America,9/12/23
CBLANK00630,Lynn Hart,Asia,6/17/23
CBLANK00631,Brandy Downs,Asia,3/11/23
CBLANK00632,Sierra Gonzalez,South America,1/13/23
CBLANK00633,Deborah Gonzalez,North America,7/31/23
CBLANK00634,Linda Wagner,Asia,10/4/23
CBLANK00635,Kendra Simmons,Europe,3/18/23
CBLANK00636,Robert Cortez,Asia,11/29/23
CBLANK00637,Mr. John Sampson,South America,8/17/23
CBLANK00638,Judy Jackson,South America,4/9/23
CBLANK00639,Steven Richardson,Asia,8/6/23
CBLANK00640,Luke Hamilton,Europe,7/13/23
CBLANK00641,Linda Mathis,North America,5/4/23
CBLANK00642,Dylan Williams,Europe,11/7/23
CBLANK00643,Tammy Hodges,Asia,11/24/23
CBLANK00644,Denise Bell,Europe,2/15/23
CBLANK00645,Randall Cruz,Europe,8/11/23
CBLANK00646,Linda Farmer,North America,6/19/23
CBLANK00647,Tina Martinez,Asia,9/3/23
CBLANK00648,Gregory Ramos,North America,4/9/23
CBLANK00649,Jessica Watts,Asia,5/21/23
CBLANK00650,Kirk Robinson,South America,11/9/23
CBLANK00651,Sarah Meyer,South America,5/1/23
CBLANK00652,Jennifer Murray,North America,3/7/23
CBLANK00653,Ashley Mendoza,Asia,5/24/23
CBLANK00654,Kenneth Bowen,Asia,5/10/23
CBLANK00655,Derrick Trujillo,Europe,11/24/23
CBLANK00656,Mr. Michael Fuller MD,Asia,9/14/23
CBLANK00657,Dawn Torres,Asia,9/3/23
CBLANK00658,Michael Hunt,South America,6/3/23
CBLANK00659,Olivia Wood,Europe,5/13/23
CBLANK00660,Jacob Hill,South America,2/4/23
CBLANK00661,Krista Thompson MD,Europe,11/6/23
CBLANK00662,Gerald Henry,Asia,8/12/23
CBLANK00663,Jeff Mckee,Europe,8/28/23
CBLANK00664,Dana Ortiz,Asia,12/30/23
CBLANK00665,Sarah Friedman,Europe,12/7/23
CBLANK00666,Timothy Wood,Europe,5/3/23
CBLANK00667,Tracey Robbins,Asia,6/18/23
CBLANK00668,Amanda Fischer,Europe,10/7/23
CBLANK00669,Jake Howard,South America,7/4/23
CBLANK00670,Corey Lopez,North America,1/11/23
CBLANK00671,Daniel Jones,South America,4/6/23
CBLANK00672,Zachary Taylor,Asia,5/19/23
CBLANK00673,Pamela Hernandez,Asia,6/15/23
CBLANK00674,Tiffany Burton,North America,3/27/23
CBLANK00675,Amber Allen,Europe,8/19/23
CBLANK00676,Jason Lindsey,North America,5/18/23
CBLANK00677,David Thomas,South America,1/19/23
CBLANK00678,Candice Stevenson,Asia,6/5/23
CBLANK00679,Julia Mitchell,North America,1/17/23
CBLANK00680,Shelly Lopez,Europe,9/18/23
CBLANK00681,Colin Bentley,Europe,11/5/23
CBLANK00682,Melissa Medina DVM,South America,7/4/23
CBLANK00683,Andrea Ross,South America,12/8/23
CBLANK00684,Richard Parker,North America,6/16/23
CBLANK00685,Michael Martinez,Asia,7/25/23
CBLANK00686,Pamela Chandler,Europe,9/18/23
CBLANK00687,Sandra Brewer,Asia,8/24/23
CBLANK00688,Alexander Mills,North America,8/8/23
CBLANK00689,Zachary Riley,South America,12/13/23
CBLANK00690,Melanie Smith,Asia,8/1/23
CBLANK00691,Brendan Porter,South America,10/14/23
CBLANK00692,James Morris,Asia,9/26/23
CBLANK00693,Matthew Irwin,North America,9/6/23
CBLANK00694,Andrea Underwood,South America,7/15/23
CBLANK00695,Lisa Johnson,Asia,10/30/23
CBLANK00696,Andrew Gonzalez,Europe,5/11/23
CBLANK00697,Robert Smith,Europe,1/16/23
CBLANK00698,Samantha Long,South America,4/27/23
CBLANK00699,Gina Jones,South America,4/19/23
CBLANK00700,Andrew Oconnor,Europe,11/10/23
CBLANK00701,Kyle Mejia,North America,1/5/23
CBLANK00702,Kimberly Copeland,Europe,12/3/23
CBLANK00703,Bradley Kirk,Europe,1/1/23
CBLANK00704,Robin Hamilton MD,Europe,5/24/23
CBLANK00705,Carmen Knight,North America,10/2/23
CBLANK00706,Mark Martin,South America,10/14/23
CBLANK00707,Nicholas White,Asia,5/10/23
CBLANK00708,Don Rodriguez,South America,2/28/23
CBLANK00709,Anna Mitchell,South America,1/31/23
CBLANK00710,Michelle Ryan,Europe,9/1/23
CBLANK00711,Kelly Lynch,Europe,8/1/23
CBLANK00712,Alan Hebert,South America,6/13/23
CBLANK00713,Brian Ochoa,Europe,3/4/23
CBLANK00714,Anna Hughes,North America,10/13/23
CBLANK00715,John Paul,Asia,6/28/23
CBLANK00716,Shannon Johnson,North America,1/13/23
CBLANK00717,John Valentine,North America,11/7/23
CBLANK00718,Sherri Davis,South America,8/14/23
CBLANK00719,Mark Moore,North America,9/12/23
CBLANK00720,Lori Berg,Europe,5/10/23
CBLANK00721,Charles Rich,Europe,9/20/23
CBLANK00722,David Smith,North America,7/9/23
CBLANK00723,Alexandra Washington,Europe,1/25/23
CBLANK00724,Marc Morgan,Europe,6/9/23
CBLANK00725,Richard Sanchez,South America,6/25/23
CBLANK00726,Dana Todd,Europe,8/9/23
CBLANK00727,Adam Adams,Asia,10/7/23
CBLANK00728,Seth Miller,South America,5/5/23
CBLANK00729,Christian Black,Asia,3/11/23
CBLANK00730,Aaron Jackson,Asia,3/31/23
CBLANK00731,Jason Wilson,Europe,12/14/23
CBLANK00732,Bobby Wilson,North America,6/13/23
CBLANK00733,James Phillips,North America,5/8/23
CBLANK00734,Jerome Valdez,North America,7/13/23
CBLANK00735,Bradley Rivas,North America,6/22/23
CBLANK00736,Brandon Myers,Europe,11/9/23
CBLANK00737,Roger Garcia,South America,11/7/23
CBLANK00738,Shelby Hernandez,North America,4/19/23
CBLANK00739,Susan Mitchell,North America,12/26/23
CBLANK00740,Alexis Chavez,North America,5/9/23
CBLANK00741,Tara Martin,South America,10/7/23
CBLANK00742,Thomas Henry,North America,1/27/23
CBLANK00743,Daisy Glenn,South America,12/10/23
CBLANK00744,Karen Keith,South America,4/2/23
CBLANK00745,Carol Lee,North America,2/24/23
CBLANK00746,Vernon Perry,Europe,8/9/23
CBLANK00747,Monica Allen,South America,6/5/23
CBLANK00748,Dana Hahn,Europe,4/11/23
CBLANK00749,Kelly Peterson,South America,8/24/23
CBLANK00750,Jenna Yang,Europe,10/12/23
CBLANK00751,Amanda Murphy,South America,9/24/23
CBLANK00752,Tracey Benson,Asia,5/18/23
CBLANK00753,Victoria Cook,Europe,4/13/23
CBLANK00754,Stephanie Gonzalez,Europe,7/19/23
CBLANK00755,Phillip Mathis,Asia,8/3/23
CBLANK00756,Martin Brandt,North America,3/28/23
CBLANK00757,Sandra Smith,Europe,7/28/23
CBLANK00758,Robert Rivera,North America,6/27/23
CBLANK00759,Rachel Davis MD,Asia,9/15/23
CBLANK00760,Chris Walsh,South America,12/17/23
CBLANK00761,Ms. Yolanda Marks MD,Europe,1/24/23
CBLANK00762,April Livingston,South America,3/12/23
CBLANK00763,Zachary Lee,North America,12/19/23
CBLANK00764,Nicole Johnson,Europe,10/28/23
CBLANK00765,Michael Sheppard,Asia,11/15/23
CBLANK00766,Sabrina Drake,North America,2/20/23
CBLANK00767,Randy Medina,North America,4/17/23
CBLANK00768,Jill Woods,North America,7/13/23
CBLANK00769,Rhonda Watkins,North America,6/12/23
CBLANK00770,Cynthia Casey,North America,3/10/23
CBLANK00771,Whitney Benjamin,North America,10/19/23
CBLANK00772,Jody Pittman,South America,9/14/23
CBLANK00773,Elizabeth Haynes,Europe,11/25/23
CBLANK00774,Emily Maxwell,South America,9/12/23
CBLANK00775,Bradley Lutz,Asia,4/26/23
CBLANK00776,David Walker,Europe,1/14/23
CBLANK00777,Michael Sutton,Asia,8/3/23
CBLANK00778,Michelle Smith,South America,8/22/23
CBLANK00779,James Walter,North America,6/29/23
CBLANK00780,Erika Bennett,North America,2/23/23
CBLANK00781,Donald Montes,South America,1/30/23
CBLANK00782,Steven Andrews,North America,1/12/23
CBLANK00783,Elizabeth Jenkins,North America,4/22/23
CBLANK00784,Christopher Brown,South America,4/14/23
CBLANK00785,Andrea Brown,Europe,1/11/23
CBLANK00786,Craig Carey,North America,11/25/23
CBLANK00787,Julie Gomez,Europe,1/14/23
CBLANK00788,Shelley Benson,North America,6/7/23
CBLANK00789,Angela Strickland,Asia,6/1/23
CBLANK00790,Haley Daniel,Asia,5/21/23
CBLANK00791,Barry Osborne,South America,4/29/23
CBLANK00792,Mr. Duane Wallace,Asia,1/9/23
CBLANK00793,Kevin Garcia,South America,2/18/23
CBLANK00794,William Mcdowell,Asia,11/29/23
CBLANK00795,Jose Obrien,South America,6/6/23
CBLANK00796,James Harris,Europe,6/1/23
CBLANK00797,Shaun Francis,South America,6/19/23
CBLANK00798,Andrea Elliott,Europe,12/25/23
CBLANK00799,Robert Petersen,North America,2/17/23
CBLANK00800,David Hinton,North America,8/5/23
CBLANK00801,Jacob Ibarra,North America,3/18/23
CBLANK00802,Jill Powell,North America,2/12/23
CBLANK00803,Mark Lopez,Europe,3/4/23
CBLANK00804,Cindy Gonzales,South America,4/30/23
CBLANK00805,Mr. Wayne Fuller,North America,9/19/23
CBLANK00806,Elizabeth Walker,Asia,9/7/23
CBLANK00807,Stephanie Cervantes,South America,2/21/23
CBLANK00808,Rachel Woods,South America,10/4/23
CBLANK00809,Lisa Clark,Asia,9/8/23
CBLANK00810,Jeremy Price,South America,11/10/23
CBLANK00811,George Perkins,South America,6/2/23
CBLANK00812,Shane Smith,Europe,12/5/23
CBLANK00813,Jose Romero,South America,8/29/23
CBLANK00814,Amy Cortez,North America,6/13/23
CBLANK00815,Luis Carter Jr.,South America,5/13/23
CBLANK00816,Emily Cruz,South America,12/16/23
CBLANK00817,Donna Smith,North America,5/14/23
CBLANK00818,Samuel Smith,North America,2/21/23
CBLANK00819,Adam Bell,Asia,7/21/23
CBLANK00820,Ms. Marisa Miller DDS,Asia,4/16/23
CBLANK00821,Alexandra Roberts,North America,9/1/23
CBLANK00822,Jessica Williams,Europe,8/21/23
CBLANK00823,Angela Harrison,South America,1/14/23
CBLANK00824,Mrs. Margaret Hughes,South America,8/13/23
CBLANK00825,Samuel Mcdonald,North America,7/20/23
CBLANK00826,Karen Watkins,South America,2/18/23
CBLANK00827,Jeffrey Mora,Europe,5/13/23
CBLANK00828,Carlos Collins,Asia,4/29/23
CBLANK00829,Melanie West,North America,8/31/23
CBLANK00830,Ryan Anderson,South America,7/2/23
CBLANK00831,Jamie Williams,Asia,12/1/23
CBLANK00832,Dr. Patricia Terrell,Asia,6/30/23
CBLANK00833,Sandra Hogan,South America,8/19/23
CBLANK00834,Gary Yang,North America,12/14/23
CBLANK00835,Michael Hutchinson,North America,6/22/23
CBLANK00836,Ariel Lopez,South America,10/2/23
CBLANK00837,John Kim,Europe,11/11/23
CBLANK00838,Sarah Kennedy,South America,8/7/23
CBLANK00839,Tricia Lane,Europe,3/4/23
CBLANK00840,Brendan Snyder,Europe,1/27/23
CBLANK00841,Joy Hernandez,Europe,6/1/23
CBLANK00842,Kelly Burch,South America,9/9/23
CBLANK00843,Robin Stephenson,Europe,6/3/23
CBLANK00844,Tristan Hart,Asia,1/22/23
CBLANK00845,Christopher Bennett,Asia,1/19/23
CBLANK00846,Steven Baker,South America,4/11/23
CBLANK00847,Nathan Young,Asia,5/19/23
CBLANK00848,Elizabeth Flores,Europe,3/29/23
CBLANK00849,Johnny Moore,South America,2/6/23
CBLANK00850,Tracey Watson,North America,6/20/23
CBLANK00851,Scott Poole,Europe,12/4/23
CBLANK00852,Stephanie Levine,Asia,9/28/23
CBLANK00853,Matthew Smith,South America,9/12/23
CBLANK00854,James Wilson,Europe,3/9/23
CBLANK00855,Danielle Thomas,Europe,6/18/23
CBLANK00856,Dr. Tara Hunter,South America,11/11/23
CBLANK00857,Jeffrey Clark,Asia,7/6/23
CBLANK00858,James Keller,Europe,2/25/23
CBLANK00859,Robin Avila,North America,1/4/23
CBLANK00860,Michelle Yoder,South America,1/17/23
CBLANK00861,Mrs. Courtney Moore,South America,8/25/23
CBLANK00862,Michael Goodman,North America,9/7/23
CBLANK00863,Dawn Middleton,South America,1/24/23
CBLANK00864,Christopher Martinez,Europe,10/27/23
CBLANK00865,Daniel Jackson,Europe,8/26/23
CBLANK00866,William Washington,Asia,6/18/23
CBLANK00867,Devin Clark,South America,10/15/23
CBLANK00868,Michelle Martinez,North America,8/29/23
CBLANK00869,Louis Terrell,Europe,12/30/23
CBLANK00870,Darrell Reed,Asia,10/17/23
CBLANK00871,Dana Johnston,North America,9/8/23
CBLANK00872,Crystal Patrick,South America,12/7/23
CBLANK00873,Lindsey Weber,South America,4/30/23
CBLANK00874,Paige Fisher,Asia,6/10/23
CBLANK00875,Caroline Hall,South America,12/4/23
CBLANK00876,James Duncan,Europe,7/23/23
CBLANK00877,Thomas Wallace,Europe,2/23/23
CBLANK00878,Carolyn Warner,South America,5/15/23
CBLANK00879,Zachary Harris,Asia,4/7/23
CBLANK00880,Jo Powers,Europe,12/26/23
CBLANK00881,Daniel Richardson,Europe,7/4/23
CBLANK00882,Diana Porter,South America,5/5/23
CBLANK00883,Thomas Garcia,Asia,9/21/23
CBLANK00884,Kirk Green,Europe,7/10/23
CBLANK00885,Ryan Lane,Asia,8/3/23
CBLANK00886,Jennifer Matthews,South America,7/18/23
CBLANK00887,Christopher Whitehead,Europe,6/23/23
CBLANK00888,Brandon Tanner,South America,7/25/23
CBLANK00889,Teresa Carr,Asia,3/8/23
CBLANK00890,Ashley Yates,South America,6/23/23
CBLANK00891,Carol Graham,Asia,11/19/23
CBLANK00892,Sue Robertson,Asia,3/5/23
CBLANK00893,Perry Estrada,Europe,11/25/23
CBLANK00894,Kristi Martinez,South America,7/18/23
CBLANK00895,Peter Jackson,Asia,1/7/23
CBLANK00896,Elizabeth Douglas,North America,5/2/23
CBLANK00897,Carlos Mack,Europe,4/26/23
CBLANK00898,Chelsea Johnson,South America,1/20/23
CBLANK00899,Alan Calderon,South America,11/5/23
CBLANK00900,Mrs. Erin Davis,Asia,3/27/23
CBLANK00901,Richard Torres,Europe,8/25/23
CBLANK00902,Kathleen Hamilton,South America,3/2/23
CBLANK00903,Krista Griffin,North America,8/3/23
CBLANK00904,Lucas Morales,Asia,3/31/23
CBLANK00905,Emily Sims,Europe,3/2/23
CBLANK00906,Heidi Moore,Europe,8/8/23
CBLANK00907,Dennis Allen,Asia,2/9/23
CBLANK00908,Edward Powell,South America,11/15/23
CBLANK00909,Michael Orozco,South America,9/5/23
CBLANK00910,Savannah Knight,Asia,8/5/23
CBLANK00911,Sarah Williams,Europe,6/3/23
CBLANK00912,Jennifer Lopez,North America,3/3/23
CBLANK00913,Jacob Willis,Europe,8/28/23
CBLANK00914,Mr. Michael Cole,Asia,5/26/23
CBLANK00915,Alicia Casey,Asia,10/19/23
CBLANK00916,Mia Martinez,Asia,3/1/23
CBLANK00917,Lauren Davis,South America,6/24/23
CBLANK00918,Christina Johnson,South America,8/27/23
CBLANK00919,Eric Thomas,Europe,6/28/23
CBLANK00920,Robert Flores,North America,3/22/23
CBLANK00921,Donald Johnson,South America,9/5/23
CBLANK00922,Shawn Brewer,North America,3/9/23
CBLANK00923,Alison Brown,Asia,2/25/23
CBLANK00924,Kathy Harris,North America,9/27/23
CBLANK00925,Justin Williams,Europe,3/17/23
CBLANK00926,Jean Smith,North America,3/7/23
CBLANK00927,Lori Romero,South America,9/26/23
CBLANK00928,Sabrina Thomas,Asia,1/26/23
CBLANK00929,Katie Ballard,Asia,7/29/23
CBLANK00930,Amber Armstrong,South America,11/20/23
CBLANK00931,Joseph Howe,North America,2/2/23
CBLANK00932,Michelle Gomez,North America,5/25/23
CBLANK00933,John Thomas,Asia,1/5/23
CBLANK00934,Edwin Jenkins,South America,11/6/23
CBLANK00935,Yvonne Cummings,Europe,6/1/23
CBLANK00936,Logan Brennan,South America,1/5/23
CBLANK00937,James Nichols,North America,5/5/23
CBLANK00938,Rodney Melton,North America,3/17/23
CBLANK00939,Patrick Dean,Asia,6/18/23
CBLANK00940,Nicole Crawford,South America,7/2/23
CBLANK00941,Christine Torres,South America,4/23/23
CBLANK00942,James Barrera,Europe,6/27/23
CBLANK00943,James Taylor,South America,10/18/23
CBLANK00944,Elizabeth Stevens,Asia,11/19/23
CBLANK00945,Connie Caldwell,North America,5/18/23
CBLANK00946,Tonya Farrell,South America,8/6/23
CBLANK00947,Christy Thompson,South America,6/17/23
CBLANK00948,Tara Mcbride MD,Asia,6/10/23
CBLANK00949,Patricia Davis,Europe,10/7/23
CBLANK00950,Edwin Harvey,Europe,8/10/23
CBLANK00951,Sherri Sullivan,Europe,11/26/23
CBLANK00952,Dr. William Washington,North America,6/21/23
CBLANK00953,Phillip Gill,Asia,9/16/23
CBLANK00954,Patricia Banks,Asia,9/13/23
CBLANK00955,Brooke Clark,Europe,4/30/23
CBLANK00956,Bryan Kim,North America,10/23/23
CBLANK00957,Andrew Herrera,South America,9/4/23
CBLANK00958,Kevin Martinez,South America,3/8/23
CBLANK00959,William Kane,Asia,12/11/23
CBLANK00960,Daniel Savage,Europe,7/4/23
CBLANK00961,Lauren Hernandez,North America,12/8/23
CBLANK00962,Sheryl Rose,Europe,6/14/23
CBLANK00963,Nancy White,South America,3/25/23
CBLANK00964,Aaron Wang,Asia,9/18/23
CBLANK00965,Sean York,North America,5/3/23
CBLANK00966,Thomas Melendez,South America,12/3/23
CBLANK00967,Andrew Robinson,Europe,11/9/23
CBLANK00968,Aaron Rodriguez,Asia,10/16/23
CBLANK00969,Jasmine Sanchez,South America,10/19/23
CBLANK00970,Jake Schultz,South America,10/5/23
CBLANK00971,Jasmin Hernandez,Asia,3/23/23
CBLANK00972,Cody Stephens,South America,10/27/23
CBLANK00973,Rachel Hogan,Europe,8/4/23
CBLANK00974,Jody Foster,Asia,8/24/23
CBLANK00975,Jason Smith,South America,7/30/23
CBLANK00976,Brandon Carter,Asia,7/26/23
CBLANK00977,Marcus Sherman,Asia,11/21/23
CBLANK00978,Charles Nunez,North America,12/11/23
CBLANK00979,Phillip Miller,North America,11/3/23
CBLANK00980,John Wilson,North America,12/8/23
CBLANK00981,Kaitlyn Wall,North America,2/3/23
CBLANK00982,Ebony Bond,South America,8/24/23
CBLANK00983,William Pierce,South America,7/2/23
CBLANK00984,John Andrews,Asia,5/3/23
CBLANK00985,Jonathan Robertson,South America,10/3/23
CBLANK00986,Ashley Tucker,Europe,7/5/23
CBLANK00987,Kelli Davis,South America,1/17/23
CBLANK00988,Joanne Phillips,Asia,9/11/23
CBLANK00989,Teresa Ruiz,North America,4/9/23
CBLANK00990,Christian Beltran,Asia,5/27/23
CBLANK00991,Michael Jenkins,Europe,4/24/23
CBLANK00992,Jason Mercado,South America,11/18/23
CBLANK00993,Julia Whitehead,Europe,12/15/23
CBLANK00994,Kristopher Roth,Asia,11/3/23
CBLANK00995,Sean Brooks,North America,6/26/23
CBLANK00996,Mr. Brian Buckley Jr.,Europe,6/6/23
CBLANK00997,Danny Evans,North America,10/13/23
CBLANK00998,Michael Nunez,North America,8/23/23
CBLANK00999,Amy Barnes,Asia,10/21/23
CBLANK01000,Glenn Maynard,South America,11/26/23
CBLANK01001,Juan Walls,South America,1/18/23
CBLANK01002,Victoria Frank,North America,6/23/23
CBLANK01003,Michael Jackson,North America,11/2/23
CBLANK01004,Jennifer Flores,Europe,9/13/23
CBLANK01005,Ryan Williams,Europe,11/6/23
CBLANK01006,Sean Ruiz,North America,4/7/23
CBLANK01007,Shawna Bowman,Asia,7/12/23
CBLANK01008,Brittany Johnson,South America,2/15/23
CBLANK01009,Jesse Walter,North America,8/24/23
CBLANK01010,Wendy White,South America,12/3/23
CBLANK01011,Jesse Park,Asia,10/12/23
CBLANK01012,Linda Avery,Asia,9/14/23
CBLANK01013,Kathleen Robinson,North America,1/27/23
CBLANK01014,Christopher Nguyen,Europe,9/17/23
CBLANK01015,Amanda Williamson,North America,3/21/23
CBLANK01016,Taylor Ware,Europe,9/24/23
CBLANK01017,Shannon Wilkinson,Europe,3/25/23
CBLANK01018,James Kelley,Asia,6/5/23
CBLANK01019,Sandra Mcdowell,Asia,11/24/23
CBLANK01020,Micheal Nguyen,Asia,4/14/23
CBLANK01021,Sydney Anderson,Asia,4/7/23
CBLANK01022,Kent Pearson,South America,7/2/23
CBLANK01023,Joshua Neal,North America,2/23/23
CBLANK01024,Lisa Moses,Asia,6/13/23
CBLANK01025,Kathy Taylor,Europe,5/29/23
CBLANK01026,Ronald Davis,South America,10/17/23
CBLANK01027,Leah Anderson,Asia,3/28/23
CBLANK01028,Paula Snyder,Asia,6/17/23
CBLANK01029,Robert Hobbs,North America,3/31/23
CBLANK01030,Amanda Lara,Europe,11/4/23
CBLANK01031,David Gonzales,South America,3/22/23
CBLANK01032,Ashley Miller,North America,8/19/23
CBLANK01033,Victoria Stanley,South America,10/20/23
CBLANK01034,Melvin Dixon,Asia,1/2/23
CBLANK01035,Scott Bowen,North America,12/18/23
CBLANK01036,John Brooks,Asia,1/17/23
CBLANK01037,Julia Armstrong,Europe,7/15/23
CBLANK01038,Erin Collins,Europe,8/30/23
CBLANK01039,Tristan Vasquez,South America,6/23/23
CBLANK01040,Robert Bryant,Europe,10/2/23
CBLANK01041,Marcus Lee,North America,1/4/23
CBLANK01042,Ricky Harris,South America,1/21/23
CBLANK01043,Zachary Johnson,North America,8/26/23
CBLANK01044,Tammy Guzman,South America,3/30/23
CBLANK01045,Matthew Morgan,South America,8/9/23
CBLANK01046,John Hodge,Asia,5/22/23
CBLANK01047,Joseph Wu,Asia,2/17/23
CBLANK01048,Debbie Sullivan,North America,7/27/23
CBLANK01049,James Good,North America,9/27/23
CBLANK01050,Joshua Rodriguez,North America,7/16/23
CBLANK01051,Anita Flores,Asia,10/23/23
CBLANK01052,Sabrina Hoffman,South America,3/22/23
CBLANK01053,Michael Elliott,Asia,6/19/23
CBLANK01054,Garrett Gilmore,Asia,2/13/23
CBLANK01055,Amanda Walters,South America,4/14/23
CBLANK01056,Matthew Williams,Europe,8/16/23
CBLANK01057,Kathryn Lee,Europe,5/1/23
CBLANK01058,David Washington,South America,12/18/23
CBLANK01059,Mark Bray,South America,2/26/23
CBLANK01060,William West,South America,7/8/23
CBLANK01061,Nathan Black,South America,2/7/23
CBLANK01062,Taylor Mills,South America,8/17/23
CBLANK01063,Jonathan Smith,Asia,5/11/23
CBLANK01064,Richard Lopez DDS,North America,11/26/23
CBLANK01065,Ronnie Porter,North America,7/20/23
CBLANK01066,Lynn Sanchez,Europe,9/3/23
CBLANK01067,Mary Frey,Europe,12/7/23
CBLANK01068,Anthony Bush,Asia,10/17/23
CBLANK01069,Joseph Jones,South America,2/1/23
CBLANK01070,Alyssa Roberts,Asia,4/11/23
CBLANK01071,Damon Smith,Asia,12/11/23
CBLANK01072,Gloria Hayes,South America,4/19/23
CBLANK01073,Lauren Garcia,Europe,10/4/23
CBLANK01074,Tiffany Williams,South America,1/21/23
CBLANK01075,John Robles,South America,9/9/23
CBLANK01076,Joshua Koch,North America,1/14/23
CBLANK01077,Steven Wilson,North America,1/24/23
CBLANK01078,Gail Turner,Europe,7/21/23
CBLANK01079,Angela Bennett,Europe,11/17/23
CBLANK01080,Tamara Richardson,North America,2/21/23
CBLANK01081,Shannon Stanley,South America,7/5/23
CBLANK01082,Dylan Santana,North America,12/26/23
CBLANK01083,Hannah Gamble,North America,12/14/23
CBLANK01084,Ronald Bell,Asia,11/22/23
CBLANK01085,Michael Fisher,North America,6/24/23
CBLANK01086,Catherine Gallagher,North America,1/10/23
CBLANK01087,Kelly Humphrey,South America,1/19/23
CBLANK01088,David Hoffman,Europe,10/5/23
CBLANK01089,Lance Alexander,North America,10/21/23
CBLANK01090,Nicholas Douglas,North America,11/22/23
CBLANK01091,Matthew Allen,Asia,10/27/23
CBLANK01092,Laura Ayers,Asia,4/14/23
CBLANK01093,Amanda Miller,Europe,3/27/23
CBLANK01094,Debra Scott,Asia,6/23/23
CBLANK01095,Theresa Byrd,Europe,8/30/23
CBLANK01096,Erica Wheeler,Asia,10/21/23
CBLANK01097,Beth Medina,Asia,5/27/23
CBLANK01098,Katie Reyes,Asia,3/9/23
CBLANK01099,Nathan Fisher,Europe,3/10/23
CBLANK01100,Erik Gamble,North America,12/21/23
CBLANK01101,Robert Rogers,South America,3/5/23
CBLANK01102,Eric Ellis,Europe,9/11/23
CBLANK01103,Tiffany Hudson,South America,11/25/23
CBLANK01104,Nicole Green,North America,9/21/23
CBLANK01105,Sean Bowen,Europe,6/3/23
CBLANK01106,Sean Ramirez,Europe,5/12/23
CBLANK01107,Jessica Howard,Asia,4/2/23
CBLANK01108,David Brown,South America,4/28/23
CBLANK01109,Alexis Richardson,Asia,8/15/23
CBLANK01110,Lisa Whitaker,North America,6/28/23
CBLANK01111,Valerie Haas,North America,3/26/23
CBLANK01112,Emily Brady,Europe,8/18/23
CBLANK01113,Jason Harrison,Asia,4/14/23
CBLANK01114,Linda Osborne,Asia,7/7/23
CBLANK01115,Nicole Meyers,North America,2/20/23
CBLANK01116,Tiffany Murray,Asia,8/10/23
CBLANK01117,Jacob Stout,North America,2/24/23
CBLANK01118,Bradley Hayes,Europe,7/9/23
CBLANK01119,Paula Hanna,South America,6/4/23
CBLANK01120,Jeffery Hardy,North America,12/12/23
CBLANK01121,William Green,South America,12/26/23
CBLANK01122,Jason Clark,Europe,6/12/23
CBLANK01123,Chelsey Baker,South America,8/25/23
CBLANK01124,Michael Martinez,Europe,8/27/23
CBLANK01125,Kimberly Scott,Asia,4/7/23
CBLANK01126,Kylie Green,Asia,11/20/23
CBLANK01127,Monica Daniels,South America,2/22/23
CBLANK01128,Anthony Simpson,South America,9/14/23
CBLANK01129,Jacob Huerta,North America,6/27/23
CBLANK01130,Ryan Macias,South America,10/21/23
CBLANK01131,Willie Davis,North America,1/25/23
CBLANK01132,Benjamin Hancock,Asia,9/23/23
CBLANK01133,Kathryn Irwin,South America,10/5/23
CBLANK01134,Matthew Wilson,Asia,4/11/23
CBLANK01135,Carly Morris,Europe,10/11/23
CBLANK01136,Mr. Ruben Vasquez MD,South America,5/19/23
CBLANK01137,Keith Schroeder,South America,3/10/23
CBLANK01138,Julia Lambert,South America,6/26/23
CBLANK01139,Matthew Ward,South America,7/16/23
CBLANK01140,Susan Powers DDS,South America,10/28/23
CBLANK01141,Chad Lopez,Europe,5/16/23
CBLANK01142,Wendy Bartlett,Europe,5/14/23
CBLANK01143,Jessica Spence,North America,5/23/23
CBLANK01144,Travis Moore,South America,5/17/23
CBLANK01145,Kristen Wagner,South America,2/25/23
CBLANK01146,Christian Gibson,South America,7/27/23
CBLANK01147,Steven Johnson,Asia,5/3/23
CBLANK01148,Nancy Johnson,South America,8/19/23
CBLANK01149,Mark Kaiser,North America,9/23/23
CBLANK01150,Benjamin Koch,North America,1/21/23
CBLANK01151,Anita Gibson,Europe,9/22/23
CBLANK01152,Deborah Collins,Europe,4/30/23
CBLANK01153,Edward Henderson,South America,1/23/23
CBLANK01154,Joanne Schaefer,North America,8/23/23
CBLANK01155,Jodi Delgado,South America,5/8/23
CBLANK01156,Jorge Green,Europe,1/22/23
CBLANK01157,Robert Mclaughlin,North America,11/26/23
CBLANK01158,Charles Anderson,North America,8/22/23
CBLANK01159,Melissa Martinez,North America,2/17/23
CBLANK01160,Michael Holmes,North America,9/28/23
CBLANK01161,Shawn Holt,South America,4/28/23
CBLANK01162,Bridget Shaw,South America,10/2/23
CBLANK01163,Tasha Bentley,South America,11/7/23
CBLANK01164,Alan Ramirez,Europe,3/27/23
CBLANK01165,Kenneth Moore,South America,8/31/23
CBLANK01166,Mark Monroe,South America,8/22/23
CBLANK01167,Lisa Lamb,Asia,5/6/23
CBLANK01168,Barry White,South America,3/1/23
CBLANK01169,Robert Weaver,Europe,3/17/23
CBLANK01170,Ronald Hatfield,North America,4/26/23
CBLANK01171,Mary Jennings,Europe,6/16/23
CBLANK01172,Joshua White,Asia,8/21/23
CBLANK01173,Cynthia Galvan,Asia,4/10/23
CBLANK01174,Ryan Garcia,North America,3/13/23
CBLANK01175,Travis Lambert,Europe,12/15/23
CBLANK01176,Shawn Delgado,North America,6/16/23
CBLANK01177,Sarah Hernandez,Europe,12/14/23
CBLANK01178,Theresa King,South America,1/11/23
CBLANK01179,Danielle Brock,Asia,8/17/23
CBLANK01180,Kyle Smith,Asia,6/2/23
CBLANK01181,Dana Hernandez,Asia,10/5/23
CBLANK01182,Thomas Harris,Asia,6/28/23
CBLANK01183,Amy Shepard,Europe,5/19/23
CBLANK01184,Natalie Jackson,Asia,4/6/23
CBLANK01185,Taylor Roberts,Asia,3/10/23
CBLANK01186,Katelyn Garza,Europe,11/14/23
CBLANK01187,Jesus Thompson,Europe,1/19/23
CBLANK01188,Scott Mann,South America,11/12/23
CBLANK01189,Crystal Delacruz,South America,12/17/23
CBLANK01190,Aaron Stanley,South America,3/22/23
CBLANK01191,Mary Hernandez,North America,1/18/23
CBLANK01192,Paul Houston,North America,12/7/23
CBLANK01193,Denise Ross MD,South America,11/11/23
CBLANK01194,Joshua Joseph,Asia,6/10/23
CBLANK01195,Kathleen Lee,Europe,4/29/23
CBLANK01196,Aaron Scott,North America,11/28/23
CBLANK01197,Joseph Ashley,South America,6/2/23
CBLANK01198,Sarah Keith,North America,1/20/23
CBLANK01199,Emily Huerta,Asia,11/10/23
CBLANK01200,Sarah Smith,Europe,6/7/23